production_location,production_location2,sale_location,sale_location2,adulterant_category,food_category,grade
浙江省,宁波市,浙江省,杭州市,诺氟沙星,中华绒螯蟹,0.78
浙江省,衢州市,浙江省,丽水市,无异常,扇贝,0.11
浙江省,金华市,浙江省,嘉兴市,无异常,带鱼,0.18
福建省,福州市,上海市,上海市,无异常,大黄鱼,0.33
浙江省,衢州市,浙江省,湖州市,无异常,南美白对虾,0.24
浙江省,宁波市,浙江省,温州市,五氯酚酸钠,南美白对虾,0.65
浙江省,舟山市,浙江省,杭州市,硝基呋喃,带鱼,0.83
浙江省,温州市,上海市,上海市,重金属(汞),小黄鱼,0.59
浙江省,舟山市,浙江省,宁波市,氯霉素,中华绒螯蟹,0.49
浙江省,杭州市,浙江省,宁波市,无异常,扇贝,0.22
浙江省,湖州市,上海市,上海市,无异常,扇贝,0.36
浙江省,温州市,上海市,上海市,孔雀石绿,青蟹,0.97
浙江省,杭州市,浙江省,绍兴市,硝基呋喃,南美白对虾,0.49
浙江省,舟山市,浙江省,杭州市,诺氟沙星,小黄鱼,0.93
浙江省,衢州市,浙江省,绍兴市,硝基呋喃,中华绒螯蟹,0.43
广东省,汕头市,浙江省,温州市,无异常,南美白对虾,0.13
浙江省,金华市,浙江省,嘉兴市,无异常,青蟹,0.17
浙江省,衢州市,浙江省,杭州市,无异常,大黄鱼,0.3
上海市,上海市,浙江省,衢州市,无异常,带鱼,0.26
浙江省,温州市,浙江省,嘉兴市,氯霉素,青蟹,0.86
浙江省,杭州市,浙江省,杭州市,无异常,南美白对虾,0.12
浙江省,嘉兴市,浙江省,台州市,无异常,中华绒螯蟹,0.4
浙江省,丽水市,浙江省,金华市,重金属(汞),大黄鱼,0.7
福建省,泉州市,浙江省,丽水市,氯霉素,大黄鱼,0.44
浙江省,丽水市,浙江省,湖州市,无异常,扇贝,0.33
浙江省,温州市,浙江省,宁波市,诺氟沙星,扇贝,0.65
浙江省,温州市,浙江省,丽水市,诺氟沙星,带鱼,0.58
浙江省,湖州市,浙江省,舟山市,无异常,带鱼,0.13
福建省,厦门市,浙江省,嘉兴市,无异常,扇贝,0.39
浙江省,嘉兴市,浙江省,金华市,孔雀石绿,南美白对虾,0.66
浙江省,绍兴市,浙江省,舟山市,氯霉素,小黄鱼,0.67
浙江省,湖州市,江苏省,南通市,无异常,大黄鱼,0.08
广东省,广州市,浙江省,丽水市,硝基呋喃,牡蛎,0.42
浙江省,温州市,浙江省,衢州市,五氯酚酸钠,牡蛎,0.81
浙江省,绍兴市,上海市,上海市,无异常,青蟹,0.25
广东省,汕头市,上海市,上海市,无异常,带鱼,0.06
浙江省,温州市,浙江省,杭州市,孔雀石绿,小黄鱼,0.93
浙江省,台州市,浙江省,温州市,重金属(镉),小黄鱼,0.55
浙江省,丽水市,浙江省,衢州市,无异常,中华绒螯蟹,0.3
上海市,上海市,浙江省,杭州市,重金属(镉),中华绒螯蟹,0.57
浙江省,杭州市,江苏省,南通市,无异常,南美白对虾,0.21
浙江省,杭州市,浙江省,衢州市,无异常,牡蛎,0.27
江苏省,南通市,浙江省,宁波市,无异常,牡蛎,0.24
浙江省,温州市,江苏省,连云港市,重金属(汞),青蟹,0.63
浙江省,温州市,浙江省,台州市,重金属(汞),牡蛎,0.83
浙江省,温州市,浙江省,绍兴市,诺氟沙星,大黄鱼,0.86
北京市,北京市,浙江省,衢州市,诺氟沙星,带鱼,0.64
浙江省,嘉兴市,上海市,上海市,无异常,小黄鱼,0.23
浙江省,湖州市,上海市,上海市,无异常,中华绒螯蟹,0.09
浙江省,衢州市,浙江省,杭州市,无异常,大黄鱼,0.08
江苏省,南京市,浙江省,舟山市,无异常,小黄鱼,0.35
浙江省,金华市,上海市,上海市,无异常,小黄鱼,0.33
浙江省,丽水市,浙江省,金华市,无异常,南美白对虾,0.12
辽宁省,大连市,上海市,上海市,诺氟沙星,大黄鱼,0.54
浙江省,湖州市,上海市,上海市,无异常,青蟹,0.16
浙江省,舟山市,浙江省,衢州市,重金属(汞),大黄鱼,0.67
浙江省,杭州市,浙江省,绍兴市,无异常,牡蛎,0.03
浙江省,丽水市,浙江省,金华市,无异常,带鱼,0.13
浙江省,湖州市,浙江省,湖州市,无异常,大黄鱼,0.27
浙江省,衢州市,浙江省,杭州市,无异常,中华绒螯蟹,0.17
浙江省,温州市,浙江省,杭州市,五氯酚酸钠,小黄鱼,0.88
浙江省,台州市,浙江省,舟山市,五氯酚酸钠,青蟹,0.77
江苏省,南京市,上海市,上海市,无异常,中华绒螯蟹,0.09
浙江省,嘉兴市,浙江省,宁波市,无异常,带鱼,0.07
浙江省,湖州市,上海市,上海市,无异常,青蟹,0.25
北京市,北京市,浙江省,嘉兴市,无异常,南美白对虾,0.14
浙江省,丽水市,浙江省,嘉兴市,无异常,带鱼,0.1
浙江省,绍兴市,浙江省,杭州市,无异常,扇贝,0.1
浙江省,丽水市,江苏省,南京市,无异常,中华绒螯蟹,0.22
浙江省,丽水市,浙江省,宁波市,无异常,大黄鱼,0.05
广东省,广州市,浙江省,金华市,无异常,青蟹,0.27
山东省,烟台市,上海市,上海市,重金属(汞),带鱼,0.45
浙江省,衢州市,浙江省,温州市,无异常,大黄鱼,0.15
浙江省,衢州市,浙江省,金华市,无异常,带鱼,0.22
浙江省,舟山市,浙江省,湖州市,硝基呋喃,南美白对虾,0.81
浙江省,丽水市,浙江省,杭州市,无异常,中华绒螯蟹,0.02
浙江省,宁波市,浙江省,湖州市,孔雀石绿,青蟹,0.88
浙江省,金华市,浙江省,衢州市,无异常,扇贝,0.15
浙江省,杭州市,浙江省,宁波市,无异常,南美白对虾,0.3
浙江省,丽水市,上海市,上海市,无异常,南美白对虾,0.09
浙江省,金华市,浙江省,舟山市,无异常,牡蛎,0.25
浙江省,宁波市,浙江省,台州市,重金属(镉),南美白对虾,0.55
江苏省,苏州市,上海市,上海市,无异常,小黄鱼,0.05
浙江省,金华市,浙江省,舟山市,无异常,中华绒螯蟹,0.14
江苏省,连云港市,浙江省,杭州市,无异常,南美白对虾,0.24
浙江省,湖州市,浙江省,嘉兴市,无异常,南美白对虾,0.14
浙江省,湖州市,浙江省,嘉兴市,无异常,中华绒螯蟹,0.02
福建省,宁德市,上海市,上海市,无异常,青蟹,0.2
浙江省,嘉兴市,浙江省,湖州市,无异常,小黄鱼,0.17
浙江省,杭州市,浙江省,绍兴市,无异常,南美白对虾,0.23
浙江省,宁波市,浙江省,丽水市,重金属(汞),带鱼,0.55
福建省,福州市,浙江省,杭州市,无异常,牡蛎,0.39
浙江省,湖州市,浙江省,湖州市,无异常,中华绒螯蟹,0.07
浙江省,舟山市,浙江省,嘉兴市,重金属(汞),大黄鱼,0.61
广东省,深圳市,浙江省,台州市,诺氟沙星,扇贝,0.43
浙江省,台州市,浙江省,嘉兴市,硝基呋喃,扇贝,0.9
浙江省,嘉兴市,浙江省,杭州市,诺氟沙星,中华绒螯蟹,0.52
浙江省,湖州市,江苏省,连云港市,五氯酚酸钠,扇贝,0.67
上海市,上海市,浙江省,舟山市,氯霉素,扇贝,0.42
浙江省,丽水市,浙江省,台州市,氯霉素,中华绒螯蟹,0.57
浙江省,丽水市,浙江省,湖州市,无异常,小黄鱼,0.12
浙江省,舟山市,上海市,上海市,氯霉素,大黄鱼,0.97
浙江省,衢州市,上海市,上海市,无异常,扇贝,0.16
浙江省,金华市,浙江省,绍兴市,无异常,扇贝,0.19
浙江省,金华市,浙江省,湖州市,无异常,扇贝,0.15
浙江省,舟山市,浙江省,杭州市,硝基呋喃,带鱼,0.6
浙江省,杭州市,江苏省,南京市,无异常,扇贝,0.35
江苏省,苏州市,上海市,上海市,无异常,中华绒螯蟹,0.12
浙江省,湖州市,江苏省,南京市,无异常,大黄鱼,0.11
浙江省,杭州市,浙江省,绍兴市,无异常,中华绒螯蟹,0.02
浙江省,台州市,江苏省,连云港市,诺氟沙星,带鱼,0.62
浙江省,台州市,上海市,上海市,重金属(汞),南美白对虾,0.84
浙江省,金华市,浙江省,丽水市,无异常,小黄鱼,0.17
北京市,北京市,浙江省,丽水市,无异常,南美白对虾,0.06
浙江省,绍兴市,江苏省,连云港市,氯霉素,南美白对虾,0.47
浙江省,宁波市,浙江省,杭州市,氯霉素,牡蛎,0.83
浙江省,温州市,浙江省,丽水市,重金属(镉),中华绒螯蟹,0.94
福建省,厦门市,浙江省,宁波市,无异常,扇贝,0.09
浙江省,丽水市,上海市,上海市,无异常,南美白对虾,0.15
浙江省,宁波市,浙江省,嘉兴市,孔雀石绿,南美白对虾,0.74
北京市,北京市,浙江省,嘉兴市,无异常,带鱼,0.06
浙江省,舟山市,上海市,上海市,硝基呋喃,南美白对虾,0.95
浙江省,丽水市,浙江省,宁波市,无异常,中华绒螯蟹,0.28
浙江省,金华市,浙江省,衢州市,无异常,小黄鱼,0.07
浙江省,绍兴市,浙江省,台州市,无异常,牡蛎,0.36
江苏省,苏州市,浙江省,金华市,无异常,小黄鱼,0.09
江苏省,南京市,浙江省,绍兴市,孔雀石绿,中华绒螯蟹,0.44
浙江省,湖州市,浙江省,丽水市,硝基呋喃,大黄鱼,0.67
浙江省,绍兴市,浙江省,宁波市,无异常,牡蛎,0.1
浙江省,金华市,浙江省,绍兴市,重金属(汞),小黄鱼,0.55
浙江省,湖州市,上海市,上海市,无异常,带鱼,0.08
浙江省,衢州市,上海市,上海市,无异常,扇贝,0.13
北京市,北京市,上海市,上海市,无异常,青蟹,0.07
浙江省,杭州市,上海市,上海市,无异常,大黄鱼,0.08
浙江省,衢州市,浙江省,金华市,无异常,扇贝,0.01
浙江省,丽水市,浙江省,温州市,无异常,南美白对虾,0.02
浙江省,宁波市,浙江省,湖州市,孔雀石绿,小黄鱼,0.87
上海市,上海市,浙江省,嘉兴市,无异常,牡蛎,0.37
浙江省,杭州市,浙江省,丽水市,孔雀石绿,牡蛎,0.57
浙江省,湖州市,浙江省,宁波市,无异常,大黄鱼,0.27
辽宁省,盘锦市,浙江省,绍兴市,无异常,牡蛎,0.02
浙江省,湖州市,上海市,上海市,无异常,小黄鱼,0.38
浙江省,衢州市,浙江省,杭州市,无异常,带鱼,0.15
广东省,广州市,浙江省,湖州市,氯霉素,带鱼,0.54
江苏省,苏州市,浙江省,衢州市,无异常,扇贝,0.03
浙江省,金华市,浙江省,杭州市,无异常,南美白对虾,0.12
浙江省,杭州市,浙江省,杭州市,无异常,带鱼,0.33
浙江省,绍兴市,浙江省,舟山市,无异常,中华绒螯蟹,0.01
浙江省,台州市,浙江省,绍兴市,重金属(镉),大黄鱼,0.58
广东省,湛江市,浙江省,台州市,氯霉素,小黄鱼,0.57
浙江省,温州市,浙江省,杭州市,氯霉素,南美白对虾,0.8
浙江省,金华市,浙江省,丽水市,无异常,中华绒螯蟹,0.1
浙江省,绍兴市,浙江省,台州市,无异常,牡蛎,0.32
浙江省,绍兴市,浙江省,金华市,硝基呋喃,牡蛎,0.52
浙江省,杭州市,浙江省,绍兴市,孔雀石绿,带鱼,0.5
浙江省,嘉兴市,浙江省,台州市,硝基呋喃,扇贝,0.63
浙江省,温州市,浙江省,舟山市,诺氟沙星,牡蛎,0.89
上海市,上海市,浙江省,杭州市,无异常,南美白对虾,0.04
浙江省,衢州市,浙江省,嘉兴市,无异常,青蟹,0.16
浙江省,宁波市,浙江省,衢州市,硝基呋喃,小黄鱼,0.5
浙江省,丽水市,浙江省,嘉兴市,无异常,中华绒螯蟹,0.08
江苏省,南通市,上海市,上海市,无异常,南美白对虾,0.14
浙江省,杭州市,浙江省,湖州市,无异常,牡蛎,0.06
浙江省,绍兴市,浙江省,湖州市,无异常,中华绒螯蟹,0.07
浙江省,舟山市,浙江省,台州市,硝基呋喃,扇贝,0.86
上海市,上海市,浙江省,湖州市,无异常,中华绒螯蟹,0.33
浙江省,湖州市,浙江省,湖州市,无异常,小黄鱼,0.21
浙江省,丽水市,浙江省,宁波市,无异常,南美白对虾,0.21
浙江省,台州市,浙江省,宁波市,五氯酚酸钠,大黄鱼,0.76
浙江省,杭州市,浙江省,温州市,无异常,南美白对虾,0.08
浙江省,湖州市,浙江省,杭州市,无异常,青蟹,0.26
浙江省,绍兴市,上海市,上海市,无异常,小黄鱼,0.3
浙江省,温州市,浙江省,金华市,重金属(镉),扇贝,0.57
浙江省,台州市,浙江省,台州市,重金属(镉),小黄鱼,0.83
浙江省,杭州市,浙江省,丽水市,无异常,扇贝,0.31
浙江省,湖州市,上海市,上海市,五氯酚酸钠,牡蛎,0.56
浙江省,丽水市,浙江省,杭州市,无异常,青蟹,0.22
浙江省,嘉兴市,上海市,上海市,孔雀石绿,带鱼,0.59
浙江省,宁波市,浙江省,杭州市,重金属(汞),中华绒螯蟹,0.43
浙江省,台州市,浙江省,杭州市,重金属(汞),扇贝,0.99
浙江省,温州市,浙江省,杭州市,重金属(镉),扇贝,0.87
山东省,威海市,上海市,上海市,无异常,青蟹,0.16
福建省,泉州市,浙江省,衢州市,无异常,中华绒螯蟹,0.39
浙江省,杭州市,浙江省,舟山市,无异常,青蟹,0.29
浙江省,舟山市,浙江省,宁波市,孔雀石绿,小黄鱼,0.8
浙江省,湖州市,浙江省,绍兴市,无异常,扇贝,0.16
浙江省,金华市,浙江省,宁波市,孔雀石绿,牡蛎,0.43
广东省,湛江市,上海市,上海市,五氯酚酸钠,牡蛎,0.91
浙江省,绍兴市,浙江省,杭州市,无异常,青蟹,0.07
浙江省,丽水市,浙江省,嘉兴市,无异常,带鱼,0.17
浙江省,衢州市,江苏省,南通市,无异常,大黄鱼,0.17
浙江省,绍兴市,浙江省,嘉兴市,孔雀石绿,大黄鱼,0.63
上海市,上海市,浙江省,台州市,无异常,牡蛎,0.3
浙江省,舟山市,浙江省,湖州市,诺氟沙星,大黄鱼,0.58
浙江省,嘉兴市,浙江省,台州市,无异常,中华绒螯蟹,0.31
浙江省,湖州市,浙江省,宁波市,孔雀石绿,扇贝,0.69
山东省,青岛市,浙江省,嘉兴市,五氯酚酸钠,大黄鱼,0.64
浙江省,宁波市,浙江省,杭州市,硝基呋喃,带鱼,0.79
浙江省,嘉兴市,上海市,上海市,无异常,小黄鱼,0.27
浙江省,舟山市,浙江省,舟山市,重金属(镉),中华绒螯蟹,0.76
浙江省,湖州市,浙江省,杭州市,无异常,小黄鱼,0.25
浙江省,丽水市,浙江省,衢州市,无异常,大黄鱼,0.27
浙江省,衢州市,浙江省,绍兴市,无异常,南美白对虾,0.17
浙江省,丽水市,浙江省,嘉兴市,无异常,南美白对虾,0.04
广东省,湛江市,浙江省,杭州市,氯霉素,中华绒螯蟹,0.53
浙江省,金华市,浙江省,台州市,氯霉素,牡蛎,0.62
浙江省,绍兴市,浙江省,湖州市,无异常,大黄鱼,0.28
浙江省,嘉兴市,浙江省,台州市,孔雀石绿,青蟹,0.63
浙江省,金华市,江苏省,南通市,无异常,牡蛎,0.26
福建省,福州市,浙江省,衢州市,无异常,牡蛎,0.05
浙江省,温州市,江苏省,南通市,氯霉素,小黄鱼,0.62
浙江省,衢州市,浙江省,湖州市,无异常,小黄鱼,0.34
浙江省,湖州市,浙江省,杭州市,无异常,扇贝,0.3
浙江省,台州市,江苏省,连云港市,五氯酚酸钠,青蟹,0.86
辽宁省,盘锦市,浙江省,杭州市,孔雀石绿,中华绒螯蟹,0.66
浙江省,宁波市,上海市,上海市,重金属(汞),带鱼,0.62
浙江省,衢州市,浙江省,温州市,无异常,扇贝,0.22
浙江省,湖州市,浙江省,宁波市,无异常,扇贝,0.05
浙江省,金华市,浙江省,宁波市,无异常,小黄鱼,0.24
浙江省,宁波市,浙江省,丽水市,五氯酚酸钠,中华绒螯蟹,0.91
浙江省,宁波市,浙江省,金华市,硝基呋喃,带鱼,0.51
浙江省,杭州市,浙江省,杭州市,无异常,南美白对虾,0.03
浙江省,温州市,江苏省,苏州市,诺氟沙星,小黄鱼,0.72
浙江省,湖州市,江苏省,南通市,无异常,大黄鱼,0.13
浙江省,金华市,浙江省,湖州市,无异常,中华绒螯蟹,0.23
浙江省,温州市,浙江省,嘉兴市,重金属(汞),扇贝,0.8
浙江省,金华市,浙江省,杭州市,无异常,牡蛎,0.22
浙江省,湖州市,浙江省,舟山市,重金属(汞),带鱼,0.48
江苏省,苏州市,浙江省,嘉兴市,氯霉素,小黄鱼,0.48
浙江省,嘉兴市,上海市,上海市,无异常,扇贝,0.32
浙江省,嘉兴市,浙江省,舟山市,无异常,带鱼,0.17
浙江省,杭州市,浙江省,湖州市,无异常,大黄鱼,0.09
浙江省,绍兴市,浙江省,台州市,无异常,小黄鱼,0.06
北京市,北京市,上海市,上海市,无异常,小黄鱼,0.27
浙江省,金华市,上海市,上海市,无异常,青蟹,0.09
浙江省,温州市,浙江省,台州市,氯霉素,小黄鱼,0.51
广东省,汕头市,浙江省,丽水市,无异常,中华绒螯蟹,0.17
山东省,威海市,浙江省,杭州市,无异常,大黄鱼,0.21
浙江省,杭州市,浙江省,嘉兴市,无异常,大黄鱼,0.1
浙江省,金华市,浙江省,湖州市,无异常,大黄鱼,0.21
浙江省,湖州市,上海市,上海市,无异常,带鱼,0.01
浙江省,金华市,江苏省,苏州市,无异常,中华绒螯蟹,0.07
浙江省,湖州市,上海市,上海市,无异常,南美白对虾,0.25
浙江省,衢州市,浙江省,杭州市,孔雀石绿,扇贝,0.55
浙江省,湖州市,浙江省,台州市,无异常,扇贝,0.29
浙江省,宁波市,浙江省,杭州市,氯霉素,中华绒螯蟹,0.95
浙江省,金华市,浙江省,杭州市,五氯酚酸钠,青蟹,0.53
浙江省,金华市,浙江省,湖州市,无异常,青蟹,0.31
浙江省,嘉兴市,浙江省,金华市,无异常,中华绒螯蟹,0.21
浙江省,金华市,浙江省,衢州市,无异常,扇贝,0.06
福建省,泉州市,浙江省,绍兴市,无异常,大黄鱼,0.38
浙江省,宁波市,上海市,上海市,氯霉素,大黄鱼,0.53
浙江省,舟山市,浙江省,绍兴市,氯霉素,牡蛎,0.88
辽宁省,大连市,上海市,上海市,无异常,中华绒螯蟹,0.31
浙江省,衢州市,浙江省,湖州市,无异常,带鱼,0.02
浙江省,宁波市,浙江省,绍兴市,硝基呋喃,牡蛎,0.64
浙江省,温州市,浙江省,宁波市,重金属(汞),青蟹,0.54
浙江省,绍兴市,江苏省,南通市,无异常,扇贝,0.03
广东省,广州市,上海市,上海市,无异常,南美白对虾,0.24
浙江省,湖州市,浙江省,杭州市,无异常,带鱼,0.1
浙江省,舟山市,江苏省,南通市,重金属(汞),中华绒螯蟹,0.68
浙江省,衢州市,上海市,上海市,重金属(镉),青蟹,0.54
浙江省,温州市,浙江省,衢州市,五氯酚酸钠,扇贝,0.79
浙江省,绍兴市,江苏省,南通市,孔雀石绿,中华绒螯蟹,0.67
浙江省,杭州市,浙江省,宁波市,无异常,小黄鱼,0.2
上海市,上海市,浙江省,杭州市,无异常,牡蛎,0.28
浙江省,绍兴市,浙江省,舟山市,无异常,扇贝,0.05
上海市,上海市,浙江省,丽水市,无异常,牡蛎,0.03
浙江省,杭州市,浙江省,丽水市,无异常,中华绒螯蟹,0.31
浙江省,衢州市,浙江省,绍兴市,无异常,扇贝,0.07
浙江省,杭州市,上海市,上海市,无异常,南美白对虾,0.08
浙江省,嘉兴市,浙江省,杭州市,无异常,中华绒螯蟹,0.35
浙江省,宁波市,浙江省,绍兴市,五氯酚酸钠,牡蛎,0.51
浙江省,绍兴市,浙江省,湖州市,五氯酚酸钠,大黄鱼,0.6
浙江省,湖州市,浙江省,丽水市,重金属(镉),大黄鱼,0.61
浙江省,绍兴市,上海市,上海市,无异常,南美白对虾,0.17
浙江省,宁波市,江苏省,南京市,孔雀石绿,大黄鱼,0.67
浙江省,温州市,浙江省,嘉兴市,氯霉素,南美白对虾,0.9
浙江省,嘉兴市,浙江省,温州市,无异常,大黄鱼,0.13
浙江省,台州市,浙江省,金华市,氯霉素,扇贝,0.63
浙江省,舟山市,浙江省,衢州市,重金属(镉),扇贝,0.94
辽宁省,大连市,浙江省,嘉兴市,重金属(汞),扇贝,0.66
辽宁省,大连市,浙江省,绍兴市,无异常,扇贝,0.26
浙江省,嘉兴市,浙江省,台州市,无异常,带鱼,0.31
浙江省,丽水市,浙江省,丽水市,无异常,青蟹,0.2
浙江省,台州市,浙江省,衢州市,氯霉素,青蟹,0.92
浙江省,绍兴市,江苏省,南通市,无异常,牡蛎,0.09
广东省,深圳市,浙江省,温州市,无异常,南美白对虾,0.14
浙江省,台州市,浙江省,绍兴市,氯霉素,小黄鱼,0.86
浙江省,台州市,浙江省,杭州市,氯霉素,中华绒螯蟹,0.44
浙江省,台州市,浙江省,舟山市,五氯酚酸钠,中华绒螯蟹,0.86
上海市,上海市,浙江省,丽水市,无异常,带鱼,0.25
浙江省,湖州市,浙江省,舟山市,无异常,小黄鱼,0.18
浙江省,舟山市,浙江省,湖州市,诺氟沙星,南美白对虾,0.81
广东省,湛江市,浙江省,宁波市,重金属(镉),中华绒螯蟹,0.89
广东省,汕头市,上海市,上海市,硝基呋喃,青蟹,0.68
浙江省,舟山市,上海市,上海市,氯霉素,南美白对虾,0.91
浙江省,绍兴市,浙江省,湖州市,无异常,扇贝,0.3
辽宁省,盘锦市,上海市,上海市,无异常,青蟹,0.37
浙江省,湖州市,浙江省,杭州市,无异常,牡蛎,0.21
浙江省,绍兴市,江苏省,连云港市,五氯酚酸钠,牡蛎,0.44
浙江省,湖州市,浙江省,绍兴市,无异常,青蟹,0.19
辽宁省,盘锦市,浙江省,台州市,无异常,牡蛎,0.05
浙江省,金华市,浙江省,舟山市,无异常,牡蛎,0.24
浙江省,衢州市,浙江省,丽水市,无异常,南美白对虾,0.24
浙江省,舟山市,浙江省,绍兴市,重金属(镉),小黄鱼,0.86
浙江省,嘉兴市,浙江省,宁波市,氯霉素,南美白对虾,0.45
浙江省,衢州市,浙江省,嘉兴市,无异常,带鱼,0.22
浙江省,杭州市,浙江省,金华市,无异常,大黄鱼,0.09
广东省,汕头市,浙江省,丽水市,无异常,小黄鱼,0.07
广东省,深圳市,上海市,上海市,五氯酚酸钠,大黄鱼,0.66
浙江省,宁波市,浙江省,宁波市,诺氟沙星,牡蛎,0.76
上海市,上海市,浙江省,湖州市,重金属(镉),牡蛎,0.55
辽宁省,大连市,浙江省,舟山市,五氯酚酸钠,中华绒螯蟹,0.51
浙江省,杭州市,浙江省,舟山市,无异常,小黄鱼,0.23
浙江省,舟山市,浙江省,嘉兴市,孔雀石绿,扇贝,0.57
浙江省,金华市,浙江省,绍兴市,无异常,扇贝,0.26
浙江省,丽水市,浙江省,嘉兴市,无异常,牡蛎,0.12
浙江省,绍兴市,上海市,上海市,氯霉素,小黄鱼,0.58
浙江省,杭州市,浙江省,丽水市,无异常,扇贝,0.13
山东省,威海市,浙江省,金华市,无异常,大黄鱼,0.36
浙江省,舟山市,浙江省,湖州市,重金属(镉),扇贝,0.73
浙江省,湖州市,浙江省,宁波市,无异常,小黄鱼,0.23
浙江省,金华市,浙江省,宁波市,硝基呋喃,中华绒螯蟹,0.67
浙江省,嘉兴市,浙江省,湖州市,无异常,扇贝,0.35
广东省,广州市,上海市,上海市,重金属(镉),南美白对虾,0.45
浙江省,嘉兴市,浙江省,台州市,孔雀石绿,南美白对虾,0.7
浙江省,舟山市,江苏省,南京市,氯霉素,南美白对虾,0.91
浙江省,衢州市,江苏省,南通市,无异常,大黄鱼,0.07
浙江省,温州市,浙江省,湖州市,五氯酚酸钠,南美白对虾,0.84
浙江省,嘉兴市,浙江省,台州市,无异常,青蟹,0.38
浙江省,台州市,浙江省,台州市,氯霉素,青蟹,0.66
广东省,汕头市,浙江省,湖州市,无异常,带鱼,0.34
浙江省,舟山市,浙江省,宁波市,重金属(汞),牡蛎,0.84
浙江省,杭州市,浙江省,金华市,无异常,青蟹,0.15
北京市,北京市,浙江省,杭州市,无异常,青蟹,0.34
浙江省,台州市,浙江省,舟山市,重金属(镉),青蟹,0.92
广东省,湛江市,浙江省,衢州市,重金属(镉),牡蛎,0.68
浙江省,杭州市,上海市,上海市,无异常,青蟹,0.03
浙江省,舟山市,江苏省,苏州市,孔雀石绿,大黄鱼,0.8
浙江省,温州市,浙江省,湖州市,重金属(汞),青蟹,0.89
浙江省,丽水市,浙江省,绍兴市,无异常,带鱼,0.06
辽宁省,盘锦市,浙江省,衢州市,无异常,扇贝,0.12
浙江省,衢州市,浙江省,嘉兴市,无异常,南美白对虾,0.21
浙江省,金华市,浙江省,丽水市,无异常,中华绒螯蟹,0.11
浙江省,绍兴市,浙江省,衢州市,孔雀石绿,中华绒螯蟹,0.42
浙江省,杭州市,浙江省,杭州市,无异常,大黄鱼,0.23
浙江省,衢州市,浙江省,丽水市,无异常,小黄鱼,0.2
浙江省,绍兴市,上海市,上海市,重金属(汞),大黄鱼,0.62
浙江省,丽水市,浙江省,台州市,无异常,扇贝,0.19
浙江省,杭州市,浙江省,舟山市,无异常,大黄鱼,0.16
浙江省,舟山市,浙江省,宁波市,氯霉素,小黄鱼,0.95
浙江省,湖州市,江苏省,南京市,无异常,带鱼,0.32
浙江省,嘉兴市,浙江省,湖州市,诺氟沙星,大黄鱼,0.49
浙江省,绍兴市,浙江省,嘉兴市,重金属(汞),青蟹,0.51
浙江省,温州市,浙江省,衢州市,孔雀石绿,大黄鱼,0.67
浙江省,湖州市,浙江省,衢州市,氯霉素,南美白对虾,0.57
上海市,上海市,浙江省,金华市,无异常,牡蛎,0.02
浙江省,绍兴市,浙江省,宁波市,无异常,南美白对虾,0.13
广东省,广州市,上海市,上海市,无异常,扇贝,0.24
浙江省,杭州市,江苏省,苏州市,无异常,中华绒螯蟹,0.21
浙江省,绍兴市,浙江省,温州市,诺氟沙星,大黄鱼,0.54
浙江省,舟山市,浙江省,宁波市,硝基呋喃,牡蛎,0.83
浙江省,台州市,浙江省,台州市,重金属(镉),带鱼,0.76
广东省,广州市,浙江省,杭州市,无异常,扇贝,0.34
辽宁省,盘锦市,上海市,上海市,无异常,中华绒螯蟹,0.14
江苏省,连云港市,浙江省,温州市,氯霉素,中华绒螯蟹,0.46
浙江省,金华市,浙江省,衢州市,无异常,大黄鱼,0.07
北京市,北京市,上海市,上海市,无异常,大黄鱼,0.31
浙江省,杭州市,浙江省,嘉兴市,无异常,扇贝,0.17
浙江省,衢州市,浙江省,台州市,孔雀石绿,大黄鱼,0.43
浙江省,丽水市,浙江省,台州市,无异常,南美白对虾,0.32
浙江省,宁波市,浙江省,金华市,硝基呋喃,中华绒螯蟹,0.94
浙江省,温州市,浙江省,丽水市,重金属(镉),带鱼,0.79
浙江省,嘉兴市,江苏省,连云港市,无异常,小黄鱼,0.27
上海市,上海市,浙江省,湖州市,重金属(汞),扇贝,0.52
浙江省,温州市,浙江省,台州市,氯霉素,小黄鱼,0.77
浙江省,湖州市,江苏省,连云港市,硝基呋喃,大黄鱼,0.62
浙江省,台州市,浙江省,杭州市,诺氟沙星,带鱼,0.64
浙江省,宁波市,江苏省,连云港市,重金属(镉),小黄鱼,0.63
浙江省,嘉兴市,上海市,上海市,无异常,青蟹,0.34
福建省,宁德市,浙江省,台州市,诺氟沙星,中华绒螯蟹,0.7
浙江省,绍兴市,浙江省,丽水市,无异常,扇贝,0.16
浙江省,温州市,浙江省,舟山市,五氯酚酸钠,大黄鱼,0.95
北京市,北京市,浙江省,衢州市,无异常,青蟹,0.31
浙江省,绍兴市,浙江省,绍兴市,无异常,扇贝,0.17
浙江省,绍兴市,上海市,上海市,无异常,南美白对虾,0.34
浙江省,丽水市,浙江省,舟山市,无异常,大黄鱼,0.24
浙江省,衢州市,上海市,上海市,无异常,牡蛎,0.3
浙江省,舟山市,浙江省,杭州市,孔雀石绿,青蟹,0.79
浙江省,台州市,浙江省,嘉兴市,诺氟沙星,小黄鱼,0.62
浙江省,温州市,江苏省,南通市,五氯酚酸钠,中华绒螯蟹,0.89
浙江省,舟山市,浙江省,衢州市,氯霉素,大黄鱼,0.55
浙江省,衢州市,浙江省,湖州市,无异常,扇贝,0.21
浙江省,嘉兴市,浙江省,丽水市,无异常,带鱼,0.39
浙江省,嘉兴市,浙江省,舟山市,硝基呋喃,牡蛎,0.49
浙江省,温州市,浙江省,杭州市,氯霉素,扇贝,0.83
浙江省,衢州市,浙江省,温州市,重金属(镉),中华绒螯蟹,0.56
浙江省,温州市,浙江省,舟山市,五氯酚酸钠,大黄鱼,0.89
浙江省,杭州市,浙江省,嘉兴市,无异常,青蟹,0.07
浙江省,衢州市,浙江省,嘉兴市,无异常,牡蛎,0.11
北京市,北京市,浙江省,宁波市,无异常,小黄鱼,0.33
浙江省,绍兴市,浙江省,绍兴市,无异常,青蟹,0.27
浙江省,杭州市,浙江省,绍兴市,无异常,大黄鱼,0.34
浙江省,湖州市,浙江省,温州市,无异常,牡蛎,0.17
福建省,宁德市,上海市,上海市,无异常,青蟹,0.3
广东省,广州市,上海市,上海市,无异常,小黄鱼,0.2
浙江省,衢州市,上海市,上海市,无异常,中华绒螯蟹,0.19
浙江省,丽水市,浙江省,舟山市,无异常,大黄鱼,0.18
浙江省,温州市,浙江省,嘉兴市,重金属(镉),南美白对虾,0.69
浙江省,舟山市,浙江省,衢州市,硝基呋喃,扇贝,0.54
江苏省,连云港市,浙江省,台州市,五氯酚酸钠,带鱼,0.69
浙江省,杭州市,江苏省,南京市,无异常,带鱼,0.17
浙江省,湖州市,浙江省,衢州市,无异常,带鱼,0.06
辽宁省,盘锦市,浙江省,宁波市,无异常,小黄鱼,0.4
浙江省,嘉兴市,上海市,上海市,诺氟沙星,中华绒螯蟹,0.49
浙江省,嘉兴市,浙江省,衢州市,无异常,带鱼,0.17
福建省,泉州市,浙江省,温州市,无异常,中华绒螯蟹,0.22
浙江省,金华市,浙江省,温州市,无异常,南美白对虾,0.08
浙江省,杭州市,浙江省,绍兴市,重金属(汞),南美白对虾,0.44
浙江省,舟山市,江苏省,连云港市,氯霉素,南美白对虾,0.8
广东省,广州市,浙江省,宁波市,孔雀石绿,中华绒螯蟹,0.63
北京市,北京市,浙江省,衢州市,重金属(汞),牡蛎,0.59
浙江省,湖州市,浙江省,湖州市,无异常,南美白对虾,0.11
浙江省,金华市,浙江省,绍兴市,重金属(镉),青蟹,0.61
浙江省,舟山市,浙江省,金华市,氯霉素,牡蛎,0.72
浙江省,金华市,浙江省,台州市,无异常,青蟹,0.17
浙江省,舟山市,浙江省,绍兴市,重金属(镉),小黄鱼,0.95
浙江省,台州市,浙江省,丽水市,重金属(镉),牡蛎,0.77
浙江省,舟山市,浙江省,宁波市,重金属(镉),牡蛎,0.92
浙江省,衢州市,江苏省,南通市,无异常,南美白对虾,0.17
浙江省,丽水市,上海市,上海市,无异常,中华绒螯蟹,0.07
浙江省,丽水市,浙江省,宁波市,无异常,小黄鱼,0.04
浙江省,绍兴市,浙江省,杭州市,无异常,青蟹,0.31
辽宁省,大连市,浙江省,台州市,无异常,中华绒螯蟹,0.21
浙江省,舟山市,浙江省,宁波市,氯霉素,青蟹,0.91
浙江省,宁波市,上海市,上海市,诺氟沙星,中华绒螯蟹,0.96
浙江省,丽水市,浙江省,金华市,无异常,青蟹,0.08
浙江省,温州市,浙江省,嘉兴市,氯霉素,中华绒螯蟹,0.76
上海市,上海市,浙江省,宁波市,无异常,牡蛎,0.16
浙江省,绍兴市,浙江省,衢州市,无异常,青蟹,0.02
浙江省,金华市,浙江省,杭州市,无异常,青蟹,0.12
浙江省,杭州市,浙江省,宁波市,无异常,扇贝,0.2
浙江省,衢州市,上海市,上海市,五氯酚酸钠,扇贝,0.43
浙江省,金华市,浙江省,衢州市,硝基呋喃,大黄鱼,0.44
浙江省,温州市,浙江省,杭州市,氯霉素,青蟹,0.69
浙江省,温州市,浙江省,金华市,重金属(镉),扇贝,0.85
浙江省,嘉兴市,浙江省,杭州市,无异常,大黄鱼,0.1
福建省,厦门市,浙江省,台州市,无异常,小黄鱼,0.39
浙江省,丽水市,浙江省,嘉兴市,无异常,南美白对虾,0.13
浙江省,绍兴市,浙江省,杭州市,无异常,牡蛎,0.19
浙江省,杭州市,江苏省,苏州市,无异常,青蟹,0.24
浙江省,湖州市,浙江省,丽水市,无异常,带鱼,0.14
浙江省,衢州市,浙江省,杭州市,无异常,大黄鱼,0.17
浙江省,台州市,浙江省,金华市,氯霉素,南美白对虾,0.82
广东省,湛江市,浙江省,台州市,孔雀石绿,青蟹,0.96
浙江省,丽水市,浙江省,杭州市,无异常,大黄鱼,0.16
浙江省,金华市,浙江省,衢州市,无异常,小黄鱼,0.23
浙江省,嘉兴市,浙江省,宁波市,无异常,扇贝,0.29
浙江省,温州市,浙江省,舟山市,硝基呋喃,扇贝,0.6
浙江省,舟山市,浙江省,宁波市,硝基呋喃,牡蛎,0.68
浙江省,台州市,浙江省,嘉兴市,氯霉素,带鱼,0.96
北京市,北京市,浙江省,衢州市,无异常,扇贝,0.3
浙江省,宁波市,浙江省,金华市,诺氟沙星,大黄鱼,0.65
浙江省,嘉兴市,上海市,上海市,硝基呋喃,带鱼,0.51
浙江省,金华市,江苏省,苏州市,无异常,南美白对虾,0.22
浙江省,温州市,浙江省,嘉兴市,重金属(镉),青蟹,0.84
浙江省,湖州市,浙江省,衢州市,无异常,扇贝,0.26
浙江省,杭州市,江苏省,南京市,无异常,小黄鱼,0.3
浙江省,绍兴市,浙江省,嘉兴市,无异常,南美白对虾,0.15
浙江省,衢州市,浙江省,嘉兴市,无异常,大黄鱼,0.06
浙江省,温州市,江苏省,连云港市,诺氟沙星,青蟹,0.76
浙江省,台州市,上海市,上海市,重金属(汞),中华绒螯蟹,0.94
浙江省,舟山市,浙江省,温州市,孔雀石绿,牡蛎,0.45
浙江省,舟山市,浙江省,台州市,孔雀石绿,扇贝,0.54
浙江省,宁波市,浙江省,舟山市,五氯酚酸钠,青蟹,0.81
浙江省,衢州市,浙江省,舟山市,无异常,扇贝,0.02
江苏省,连云港市,浙江省,衢州市,无异常,带鱼,0.3
浙江省,衢州市,浙江省,舟山市,无异常,带鱼,0.22
浙江省,嘉兴市,浙江省,宁波市,重金属(汞),带鱼,0.42
浙江省,台州市,浙江省,衢州市,氯霉素,青蟹,0.81
浙江省,丽水市,浙江省,绍兴市,无异常,牡蛎,0.09
浙江省,绍兴市,上海市,上海市,无异常,大黄鱼,0.02
浙江省,杭州市,浙江省,湖州市,无异常,扇贝,0.18
福建省,泉州市,浙江省,衢州市,重金属(镉),大黄鱼,0.48
浙江省,舟山市,江苏省,南京市,重金属(汞),大黄鱼,0.53
浙江省,嘉兴市,浙江省,绍兴市,无异常,大黄鱼,0.22
浙江省,丽水市,浙江省,金华市,无异常,南美白对虾,0.18
山东省,青岛市,浙江省,丽水市,氯霉素,大黄鱼,0.45
上海市,上海市,浙江省,台州市,无异常,牡蛎,0.4
浙江省,衢州市,浙江省,金华市,无异常,带鱼,0.05
浙江省,丽水市,浙江省,舟山市,无异常,扇贝,0.03
北京市,北京市,浙江省,丽水市,无异常,小黄鱼,0.02
山东省,日照市,浙江省,绍兴市,无异常,中华绒螯蟹,0.04
浙江省,金华市,浙江省,台州市,无异常,扇贝,0.08
浙江省,湖州市,浙江省,丽水市,无异常,南美白对虾,0.34
浙江省,宁波市,浙江省,衢州市,氯霉素,中华绒螯蟹,0.78
浙江省,丽水市,浙江省,绍兴市,无异常,青蟹,0.32
上海市,上海市,浙江省,杭州市,无异常,中华绒螯蟹,0.02
浙江省,宁波市,浙江省,温州市,五氯酚酸钠,扇贝,0.7
浙江省,衢州市,浙江省,金华市,无异常,带鱼,0.15
浙江省,温州市,浙江省,衢州市,孔雀石绿,带鱼,0.93
浙江省,丽水市,浙江省,湖州市,硝基呋喃,扇贝,0.52
上海市,上海市,浙江省,丽水市,诺氟沙星,小黄鱼,0.52
浙江省,金华市,浙江省,杭州市,无异常,青蟹,0.05
山东省,烟台市,浙江省,台州市,无异常,牡蛎,0.35
浙江省,温州市,浙江省,嘉兴市,诺氟沙星,中华绒螯蟹,0.91
浙江省,杭州市,浙江省,嘉兴市,无异常,青蟹,0.22
山东省,威海市,浙江省,宁波市,孔雀石绿,南美白对虾,0.41
浙江省,金华市,浙江省,丽水市,无异常,中华绒螯蟹,0.13
浙江省,杭州市,浙江省,舟山市,无异常,南美白对虾,0.15
浙江省,金华市,浙江省,温州市,无异常,南美白对虾,0.32
浙江省,衢州市,浙江省,温州市,硝基呋喃,扇贝,0.51
福建省,宁德市,浙江省,嘉兴市,无异常,大黄鱼,0.09
福建省,宁德市,浙江省,绍兴市,无异常,小黄鱼,0.1
浙江省,衢州市,浙江省,杭州市,无异常,小黄鱼,0.23
浙江省,杭州市,浙江省,宁波市,无异常,青蟹,0.27
浙江省,杭州市,浙江省,丽水市,无异常,小黄鱼,0.13
浙江省,杭州市,浙江省,温州市,无异常,中华绒螯蟹,0.31
浙江省,衢州市,浙江省,温州市,无异常,小黄鱼,0.15
浙江省,宁波市,浙江省,衢州市,诺氟沙星,南美白对虾,0.61
浙江省,台州市,浙江省,杭州市,氯霉素,青蟹,0.88
江苏省,南京市,浙江省,舟山市,无异常,青蟹,0.31
浙江省,绍兴市,浙江省,杭州市,无异常,青蟹,0.39
浙江省,金华市,浙江省,杭州市,无异常,牡蛎,0.33
辽宁省,盘锦市,浙江省,温州市,氯霉素,南美白对虾,0.53
广东省,深圳市,浙江省,金华市,无异常,小黄鱼,0.27
浙江省,绍兴市,浙江省,宁波市,无异常,大黄鱼,0.15
浙江省,杭州市,江苏省,连云港市,无异常,牡蛎,0.04
福建省,宁德市,上海市,上海市,无异常,中华绒螯蟹,0.07
浙江省,绍兴市,浙江省,金华市,硝基呋喃,青蟹,0.46
浙江省,宁波市,浙江省,宁波市,五氯酚酸钠,小黄鱼,0.96
浙江省,嘉兴市,浙江省,杭州市,无异常,带鱼,0.03
浙江省,嘉兴市,浙江省,台州市,无异常,中华绒螯蟹,0.33
浙江省,丽水市,浙江省,衢州市,无异常,牡蛎,0.06
浙江省,杭州市,浙江省,温州市,无异常,大黄鱼,0.17
浙江省,衢州市,浙江省,绍兴市,无异常,南美白对虾,0.27
浙江省,湖州市,浙江省,温州市,无异常,大黄鱼,0.25
浙江省,宁波市,浙江省,宁波市,孔雀石绿,青蟹,0.53
浙江省,宁波市,浙江省,舟山市,孔雀石绿,牡蛎,0.63
浙江省,丽水市,浙江省,金华市,无异常,南美白对虾,0.28
山东省,烟台市,上海市,上海市,无异常,中华绒螯蟹,0.13
浙江省,湖州市,上海市,上海市,无异常,中华绒螯蟹,0.15
浙江省,金华市,浙江省,嘉兴市,无异常,带鱼,0.33
辽宁省,盘锦市,浙江省,丽水市,无异常,大黄鱼,0.37
浙江省,丽水市,浙江省,丽水市,无异常,扇贝,0.26
浙江省,嘉兴市,浙江省,嘉兴市,无异常,牡蛎,0.37
浙江省,杭州市,浙江省,嘉兴市,无异常,中华绒螯蟹,0.23
浙江省,绍兴市,浙江省,台州市,无异常,带鱼,0.23
浙江省,绍兴市,浙江省,丽水市,无异常,小黄鱼,0.39
浙江省,湖州市,浙江省,台州市,无异常,牡蛎,0.1
浙江省,丽水市,浙江省,舟山市,无异常,青蟹,0.03
广东省,湛江市,浙江省,绍兴市,诺氟沙星,牡蛎,0.91
浙江省,嘉兴市,浙江省,丽水市,无异常,南美白对虾,0.09
山东省,烟台市,浙江省,舟山市,无异常,牡蛎,0.3
上海市,上海市,浙江省,绍兴市,无异常,大黄鱼,0.11
江苏省,南通市,浙江省,衢州市,无异常,带鱼,0.19
北京市,北京市,浙江省,绍兴市,孔雀石绿,青蟹,0.61
浙江省,衢州市,浙江省,杭州市,无异常,牡蛎,0.31
浙江省,湖州市,浙江省,金华市,无异常,扇贝,0.24
浙江省,金华市,上海市,上海市,无异常,牡蛎,0.31
北京市,北京市,上海市,上海市,氯霉素,青蟹,0.64
浙江省,湖州市,浙江省,台州市,无异常,牡蛎,0.27
浙江省,温州市,浙江省,舟山市,孔雀石绿,中华绒螯蟹,0.99
浙江省,金华市,浙江省,丽水市,重金属(汞),南美白对虾,0.63
浙江省,金华市,浙江省,绍兴市,无异常,带鱼,0.34
浙江省,丽水市,浙江省,嘉兴市,无异常,带鱼,0.3
浙江省,嘉兴市,江苏省,南通市,诺氟沙星,中华绒螯蟹,0.48
浙江省,舟山市,浙江省,衢州市,诺氟沙星,青蟹,0.66
浙江省,衢州市,浙江省,温州市,无异常,青蟹,0.33
上海市,上海市,浙江省,丽水市,无异常,带鱼,0.26
福建省,厦门市,浙江省,衢州市,无异常,青蟹,0.14
浙江省,嘉兴市,浙江省,台州市,无异常,带鱼,0.05
浙江省,丽水市,浙江省,金华市,无异常,扇贝,0.34
浙江省,台州市,浙江省,丽水市,孔雀石绿,带鱼,0.79
江苏省,南通市,浙江省,嘉兴市,无异常,带鱼,0.04
浙江省,金华市,上海市,上海市,五氯酚酸钠,小黄鱼,0.45
浙江省,台州市,浙江省,衢州市,五氯酚酸钠,扇贝,0.66
辽宁省,盘锦市,浙江省,宁波市,无异常,扇贝,0.37
浙江省,温州市,浙江省,宁波市,硝基呋喃,南美白对虾,0.77
浙江省,湖州市,浙江省,台州市,无异常,带鱼,0.2
浙江省,绍兴市,浙江省,杭州市,无异常,青蟹,0.24
浙江省,台州市,浙江省,杭州市,五氯酚酸钠,牡蛎,0.95
浙江省,湖州市,江苏省,南通市,无异常,扇贝,0.11
浙江省,台州市,浙江省,绍兴市,诺氟沙星,小黄鱼,0.94
广东省,汕头市,上海市,上海市,五氯酚酸钠,大黄鱼,0.59
浙江省,丽水市,上海市,上海市,无异常,带鱼,0.12
广东省,湛江市,浙江省,舟山市,重金属(镉),扇贝,0.57
浙江省,嘉兴市,浙江省,绍兴市,硝基呋喃,牡蛎,0.47
浙江省,台州市,浙江省,台州市,重金属(镉),大黄鱼,0.94
浙江省,杭州市,浙江省,台州市,无异常,中华绒螯蟹,0.21
浙江省,金华市,浙江省,舟山市,无异常,带鱼,0.29
浙江省,丽水市,江苏省,苏州市,无异常,牡蛎,0.05
浙江省,绍兴市,上海市,上海市,无异常,牡蛎,0.09
浙江省,杭州市,浙江省,丽水市,无异常,牡蛎,0.11
浙江省,嘉兴市,浙江省,衢州市,无异常,带鱼,0.3
浙江省,温州市,浙江省,丽水市,重金属(汞),扇贝,0.6
浙江省,台州市,浙江省,温州市,氯霉素,牡蛎,0.58
浙江省,温州市,浙江省,温州市,诺氟沙星,带鱼,0.53
北京市,北京市,浙江省,宁波市,无异常,大黄鱼,0.06
浙江省,舟山市,浙江省,金华市,重金属(镉),南美白对虾,0.73
浙江省,宁波市,浙江省,金华市,五氯酚酸钠,大黄鱼,0.77
浙江省,衢州市,浙江省,舟山市,无异常,南美白对虾,0.29
浙江省,杭州市,浙江省,温州市,无异常,带鱼,0.16
浙江省,台州市,浙江省,湖州市,重金属(汞),青蟹,0.84
浙江省,台州市,浙江省,湖州市,五氯酚酸钠,青蟹,0.85
浙江省,温州市,浙江省,金华市,氯霉素,带鱼,0.73
浙江省,温州市,上海市,上海市,重金属(镉),青蟹,0.51
浙江省,杭州市,浙江省,衢州市,孔雀石绿,南美白对虾,0.62
浙江省,舟山市,浙江省,温州市,重金属(汞),青蟹,0.96
浙江省,宁波市,浙江省,杭州市,氯霉素,南美白对虾,0.78
浙江省,衢州市,江苏省,苏州市,无异常,扇贝,0.17
福建省,泉州市,浙江省,杭州市,无异常,南美白对虾,0.08
上海市,上海市,浙江省,湖州市,无异常,南美白对虾,0.1
浙江省,绍兴市,浙江省,衢州市,重金属(汞),南美白对虾,0.43
浙江省,宁波市,浙江省,金华市,诺氟沙星,带鱼,0.78
浙江省,衢州市,江苏省,南京市,无异常,小黄鱼,0.29
浙江省,温州市,浙江省,宁波市,重金属(汞),扇贝,0.82
浙江省,丽水市,浙江省,杭州市,无异常,扇贝,0.3
浙江省,温州市,浙江省,湖州市,五氯酚酸钠,青蟹,0.97
浙江省,丽水市,浙江省,绍兴市,无异常,大黄鱼,0.33
浙江省,宁波市,浙江省,杭州市,重金属(汞),扇贝,0.69
浙江省,宁波市,浙江省,宁波市,五氯酚酸钠,青蟹,0.76
浙江省,温州市,浙江省,杭州市,诺氟沙星,青蟹,0.79
浙江省,温州市,浙江省,金华市,硝基呋喃,南美白对虾,0.57
浙江省,舟山市,浙江省,温州市,硝基呋喃,大黄鱼,0.64
北京市,北京市,浙江省,杭州市,无异常,牡蛎,0.08
浙江省,绍兴市,浙江省,舟山市,无异常,大黄鱼,0.22
浙江省,绍兴市,上海市,上海市,无异常,扇贝,0.38
浙江省,杭州市,浙江省,丽水市,无异常,大黄鱼,0.12
广东省,汕头市,浙江省,杭州市,无异常,南美白对虾,0.25
福建省,泉州市,浙江省,衢州市,无异常,牡蛎,0.3
北京市,北京市,浙江省,衢州市,无异常,青蟹,0.26
浙江省,绍兴市,浙江省,舟山市,无异常,中华绒螯蟹,0.28
浙江省,杭州市,浙江省,宁波市,氯霉素,中华绒螯蟹,0.55
上海市,上海市,上海市,上海市,诺氟沙星,南美白对虾,0.43
浙江省,绍兴市,浙江省,温州市,无异常,中华绒螯蟹,0.13
浙江省,金华市,浙江省,台州市,无异常,牡蛎,0.33
浙江省,舟山市,浙江省,绍兴市,诺氟沙星,小黄鱼,0.57
浙江省,绍兴市,江苏省,南京市,无异常,南美白对虾,0.22
浙江省,丽水市,浙江省,温州市,无异常,中华绒螯蟹,0.22
浙江省,衢州市,浙江省,宁波市,无异常,南美白对虾,0.02
浙江省,嘉兴市,浙江省,丽水市,硝基呋喃,扇贝,0.68
辽宁省,大连市,浙江省,绍兴市,无异常,扇贝,0.09
浙江省,温州市,浙江省,丽水市,氯霉素,牡蛎,0.83
浙江省,绍兴市,浙江省,湖州市,氯霉素,小黄鱼,0.48
浙江省,嘉兴市,浙江省,杭州市,氯霉素,扇贝,0.7
浙江省,湖州市,浙江省,舟山市,孔雀石绿,南美白对虾,0.51
浙江省,宁波市,浙江省,丽水市,氯霉素,牡蛎,0.85
浙江省,嘉兴市,浙江省,绍兴市,氯霉素,青蟹,0.6
浙江省,丽水市,浙江省,宁波市,无异常,小黄鱼,0.13
浙江省,舟山市,浙江省,绍兴市,氯霉素,大黄鱼,0.86
浙江省,温州市,浙江省,金华市,氯霉素,南美白对虾,0.59
浙江省,台州市,浙江省,湖州市,硝基呋喃,牡蛎,0.96
浙江省,嘉兴市,浙江省,舟山市,无异常,青蟹,0.11
浙江省,绍兴市,浙江省,杭州市,无异常,带鱼,0.04
浙江省,杭州市,浙江省,杭州市,无异常,牡蛎,0.32
浙江省,湖州市,浙江省,丽水市,无异常,扇贝,0.24
浙江省,金华市,浙江省,台州市,无异常,南美白对虾,0.03
浙江省,杭州市,浙江省,舟山市,无异常,带鱼,0.15
浙江省,嘉兴市,浙江省,湖州市,无异常,青蟹,0.03
浙江省,金华市,浙江省,衢州市,孔雀石绿,中华绒螯蟹,0.46
浙江省,衢州市,浙江省,温州市,无异常,小黄鱼,0.13
浙江省,绍兴市,浙江省,金华市,诺氟沙星,带鱼,0.49
浙江省,温州市,浙江省,丽水市,孔雀石绿,青蟹,0.68
浙江省,舟山市,浙江省,杭州市,孔雀石绿,牡蛎,0.85
浙江省,宁波市,浙江省,台州市,孔雀石绿,大黄鱼,0.63
浙江省,杭州市,浙江省,金华市,无异常,中华绒螯蟹,0.08
浙江省,湖州市,浙江省,丽水市,无异常,青蟹,0.31
浙江省,温州市,浙江省,台州市,五氯酚酸钠,牡蛎,0.85
山东省,青岛市,上海市,上海市,孔雀石绿,小黄鱼,0.93
浙江省,绍兴市,浙江省,丽水市,诺氟沙星,中华绒螯蟹,0.46
广东省,广州市,浙江省,嘉兴市,硝基呋喃,南美白对虾,0.46
浙江省,舟山市,浙江省,丽水市,重金属(汞),小黄鱼,0.54
浙江省,舟山市,上海市,上海市,重金属(汞),南美白对虾,0.94
浙江省,温州市,浙江省,舟山市,诺氟沙星,南美白对虾,0.67
浙江省,宁波市,浙江省,绍兴市,硝基呋喃,扇贝,0.92
浙江省,绍兴市,浙江省,温州市,氯霉素,扇贝,0.68
浙江省,台州市,浙江省,湖州市,孔雀石绿,小黄鱼,0.9
山东省,威海市,浙江省,杭州市,诺氟沙星,牡蛎,0.44
浙江省,金华市,浙江省,金华市,无异常,南美白对虾,0.29
浙江省,台州市,上海市,上海市,诺氟沙星,牡蛎,0.85
浙江省,绍兴市,浙江省,杭州市,无异常,带鱼,0.05
浙江省,温州市,浙江省,台州市,诺氟沙星,牡蛎,0.83
浙江省,杭州市,浙江省,嘉兴市,无异常,扇贝,0.21
福建省,泉州市,浙江省,宁波市,无异常,带鱼,0.24
浙江省,金华市,浙江省,温州市,五氯酚酸钠,小黄鱼,0.62
浙江省,杭州市,浙江省,嘉兴市,无异常,小黄鱼,0.19
浙江省,金华市,江苏省,苏州市,孔雀石绿,青蟹,0.49
浙江省,金华市,浙江省,温州市,无异常,扇贝,0.06
浙江省,舟山市,浙江省,金华市,重金属(镉),大黄鱼,0.64
浙江省,温州市,浙江省,温州市,五氯酚酸钠,扇贝,0.78
浙江省,嘉兴市,浙江省,湖州市,无异常,中华绒螯蟹,0.39
浙江省,台州市,浙江省,嘉兴市,重金属(汞),南美白对虾,0.93
浙江省,衢州市,浙江省,湖州市,无异常,牡蛎,0.1
浙江省,舟山市,浙江省,衢州市,诺氟沙星,大黄鱼,0.97
浙江省,衢州市,江苏省,南通市,无异常,小黄鱼,0.13
浙江省,舟山市,浙江省,杭州市,诺氟沙星,南美白对虾,0.78
浙江省,舟山市,浙江省,杭州市,孔雀石绿,青蟹,0.57
浙江省,衢州市,浙江省,嘉兴市,无异常,中华绒螯蟹,0.2
浙江省,杭州市,浙江省,绍兴市,无异常,青蟹,0.01
北京市,北京市,上海市,上海市,无异常,中华绒螯蟹,0.32
浙江省,嘉兴市,上海市,上海市,无异常,中华绒螯蟹,0.05
北京市,北京市,浙江省,温州市,无异常,扇贝,0.08
浙江省,杭州市,浙江省,金华市,无异常,小黄鱼,0.1
福建省,福州市,浙江省,舟山市,诺氟沙星,中华绒螯蟹,0.63
上海市,上海市,浙江省,杭州市,重金属(汞),带鱼,0.44
浙江省,丽水市,浙江省,杭州市,无异常,扇贝,0.27
浙江省,金华市,浙江省,金华市,无异常,大黄鱼,0.25
浙江省,湖州市,浙江省,嘉兴市,硝基呋喃,牡蛎,0.64
浙江省,金华市,浙江省,舟山市,重金属(汞),牡蛎,0.59
浙江省,舟山市,浙江省,杭州市,硝基呋喃,扇贝,0.94
江苏省,苏州市,浙江省,嘉兴市,无异常,青蟹,0.29
浙江省,舟山市,浙江省,湖州市,孔雀石绿,中华绒螯蟹,0.97
辽宁省,大连市,上海市,上海市,无异常,扇贝,0.37
浙江省,嘉兴市,上海市,上海市,无异常,牡蛎,0.35
浙江省,衢州市,浙江省,绍兴市,无异常,大黄鱼,0.08
江苏省,南通市,浙江省,丽水市,重金属(汞),青蟹,0.61
广东省,湛江市,浙江省,台州市,诺氟沙星,南美白对虾,0.71
浙江省,温州市,浙江省,嘉兴市,五氯酚酸钠,扇贝,0.52
浙江省,舟山市,浙江省,温州市,五氯酚酸钠,大黄鱼,0.61
浙江省,台州市,浙江省,湖州市,孔雀石绿,扇贝,0.57
浙江省,金华市,浙江省,温州市,无异常,小黄鱼,0.25
浙江省,台州市,浙江省,舟山市,重金属(汞),青蟹,0.9
浙江省,丽水市,浙江省,舟山市,无异常,带鱼,0.25
浙江省,衢州市,浙江省,丽水市,无异常,扇贝,0.21
浙江省,衢州市,上海市,上海市,无异常,小黄鱼,0.35
浙江省,金华市,浙江省,丽水市,无异常,大黄鱼,0.35
浙江省,湖州市,江苏省,连云港市,硝基呋喃,中华绒螯蟹,0.69
浙江省,温州市,江苏省,连云港市,孔雀石绿,牡蛎,0.63
山东省,威海市,浙江省,台州市,无异常,中华绒螯蟹,0.17
浙江省,嘉兴市,浙江省,丽水市,无异常,青蟹,0.15
浙江省,绍兴市,江苏省,南通市,无异常,中华绒螯蟹,0.07
浙江省,衢州市,浙江省,舟山市,无异常,牡蛎,0.13
浙江省,宁波市,浙江省,嘉兴市,重金属(镉),小黄鱼,0.67
浙江省,丽水市,浙江省,湖州市,无异常,中华绒螯蟹,0.11
江苏省,南通市,上海市,上海市,无异常,牡蛎,0.22
浙江省,绍兴市,浙江省,金华市,无异常,扇贝,0.15
浙江省,丽水市,浙江省,金华市,无异常,带鱼,0.14
浙江省,台州市,上海市,上海市,五氯酚酸钠,扇贝,0.85
辽宁省,盘锦市,浙江省,宁波市,无异常,中华绒螯蟹,0.4
浙江省,宁波市,浙江省,台州市,重金属(镉),青蟹,0.9
福建省,福州市,上海市,上海市,无异常,南美白对虾,0.21
浙江省,杭州市,浙江省,嘉兴市,无异常,青蟹,0.12
浙江省,宁波市,浙江省,丽水市,硝基呋喃,大黄鱼,0.51
山东省,烟台市,上海市,上海市,无异常,牡蛎,0.32
福建省,厦门市,浙江省,杭州市,无异常,大黄鱼,0.25
上海市,上海市,浙江省,丽水市,诺氟沙星,青蟹,0.44
浙江省,丽水市,浙江省,湖州市,无异常,青蟹,0.07
辽宁省,大连市,浙江省,金华市,重金属(汞),扇贝,0.57
浙江省,衢州市,浙江省,湖州市,无异常,大黄鱼,0.25
浙江省,宁波市,浙江省,金华市,重金属(汞),中华绒螯蟹,0.59
浙江省,宁波市,浙江省,丽水市,诺氟沙星,牡蛎,0.89
浙江省,宁波市,浙江省,丽水市,硝基呋喃,青蟹,0.64
浙江省,嘉兴市,浙江省,宁波市,无异常,小黄鱼,0.05
浙江省,丽水市,浙江省,舟山市,无异常,中华绒螯蟹,0.2
浙江省,台州市,浙江省,湖州市,氯霉素,小黄鱼,0.85
上海市,上海市,浙江省,湖州市,硝基呋喃,南美白对虾,0.62
浙江省,衢州市,浙江省,杭州市,无异常,牡蛎,0.14
上海市,上海市,浙江省,杭州市,无异常,青蟹,0.21
浙江省,杭州市,浙江省,湖州市,无异常,小黄鱼,0.17
浙江省,台州市,浙江省,金华市,五氯酚酸钠,青蟹,0.72
辽宁省,盘锦市,浙江省,宁波市,无异常,中华绒螯蟹,0.34
浙江省,温州市,浙江省,衢州市,重金属(镉),中华绒螯蟹,0.86
福建省,宁德市,浙江省,丽水市,无异常,南美白对虾,0.08
浙江省,舟山市,浙江省,金华市,诺氟沙星,中华绒螯蟹,0.83
浙江省,杭州市,浙江省,嘉兴市,重金属(镉),牡蛎,0.67
山东省,威海市,浙江省,丽水市,无异常,牡蛎,0.13
浙江省,衢州市,浙江省,金华市,无异常,大黄鱼,0.2
浙江省,温州市,浙江省,杭州市,五氯酚酸钠,扇贝,0.65
浙江省,舟山市,江苏省,南京市,五氯酚酸钠,青蟹,0.77
浙江省,绍兴市,浙江省,宁波市,无异常,牡蛎,0.33
福建省,宁德市,浙江省,金华市,五氯酚酸钠,牡蛎,0.56
浙江省,金华市,上海市,上海市,无异常,青蟹,0.15
浙江省,绍兴市,浙江省,温州市,重金属(镉),小黄鱼,0.56
浙江省,衢州市,浙江省,绍兴市,五氯酚酸钠,扇贝,0.54
山东省,威海市,浙江省,宁波市,无异常,扇贝,0.05
浙江省,舟山市,浙江省,金华市,重金属(镉),南美白对虾,0.8
广东省,汕头市,上海市,上海市,无异常,青蟹,0.29
山东省,威海市,浙江省,嘉兴市,无异常,扇贝,0.29
广东省,深圳市,浙江省,湖州市,无异常,牡蛎,0.25
浙江省,金华市,浙江省,宁波市,无异常,青蟹,0.02
浙江省,宁波市,浙江省,绍兴市,重金属(汞),带鱼,0.6
浙江省,金华市,浙江省,丽水市,无异常,中华绒螯蟹,0.13
浙江省,绍兴市,浙江省,温州市,无异常,扇贝,0.14
浙江省,杭州市,浙江省,宁波市,无异常,牡蛎,0.07
浙江省,温州市,浙江省,舟山市,重金属(镉),扇贝,0.95
浙江省,湖州市,浙江省,绍兴市,无异常,牡蛎,0.1
浙江省,宁波市,浙江省,丽水市,重金属(汞),带鱼,0.65
浙江省,绍兴市,浙江省,嘉兴市,重金属(镉),青蟹,0.47
浙江省,宁波市,浙江省,金华市,氯霉素,南美白对虾,0.76
浙江省,衢州市,上海市,上海市,五氯酚酸钠,牡蛎,0.42
浙江省,金华市,浙江省,衢州市,无异常,大黄鱼,0.19
浙江省,宁波市,浙江省,绍兴市,诺氟沙星,南美白对虾,0.83
浙江省,舟山市,上海市,上海市,硝基呋喃,中华绒螯蟹,0.84
浙江省,嘉兴市,浙江省,衢州市,诺氟沙星,小黄鱼,0.55
浙江省,丽水市,浙江省,台州市,无异常,中华绒螯蟹,0.04
浙江省,杭州市,上海市,上海市,无异常,青蟹,0.02
浙江省,杭州市,上海市,上海市,无异常,扇贝,0.1
浙江省,宁波市,浙江省,嘉兴市,氯霉素,带鱼,0.64
浙江省,嘉兴市,浙江省,舟山市,无异常,青蟹,0.35
浙江省,温州市,浙江省,舟山市,重金属(汞),中华绒螯蟹,0.86
浙江省,嘉兴市,上海市,上海市,硝基呋喃,青蟹,0.69
上海市,上海市,浙江省,台州市,诺氟沙星,大黄鱼,0.5
浙江省,丽水市,浙江省,杭州市,无异常,大黄鱼,0.11
浙江省,杭州市,浙江省,湖州市,无异常,大黄鱼,0.12
广东省,广州市,上海市,上海市,无异常,大黄鱼,0.02
浙江省,绍兴市,浙江省,温州市,氯霉素,南美白对虾,0.67
浙江省,绍兴市,浙江省,嘉兴市,无异常,南美白对虾,0.08
浙江省,绍兴市,浙江省,衢州市,无异常,牡蛎,0.36
浙江省,金华市,浙江省,湖州市,无异常,大黄鱼,0.16
浙江省,温州市,浙江省,嘉兴市,孔雀石绿,带鱼,0.99
山东省,日照市,浙江省,台州市,无异常,扇贝,0.29
辽宁省,大连市,浙江省,湖州市,无异常,南美白对虾,0.32
浙江省,丽水市,上海市,上海市,无异常,扇贝,0.31
浙江省,金华市,浙江省,嘉兴市,无异常,扇贝,0.35
浙江省,杭州市,浙江省,杭州市,无异常,扇贝,0.02
浙江省,杭州市,上海市,上海市,无异常,中华绒螯蟹,0.05
浙江省,温州市,浙江省,丽水市,诺氟沙星,带鱼,0.88
浙江省,宁波市,江苏省,连云港市,重金属(汞),扇贝,0.89
浙江省,舟山市,浙江省,温州市,硝基呋喃,带鱼,0.5
浙江省,台州市,浙江省,金华市,氯霉素,扇贝,0.85
浙江省,宁波市,上海市,上海市,重金属(汞),中华绒螯蟹,0.94
浙江省,台州市,浙江省,衢州市,氯霉素,牡蛎,0.73
浙江省,绍兴市,浙江省,台州市,硝基呋喃,带鱼,0.63
浙江省,嘉兴市,浙江省,嘉兴市,诺氟沙星,小黄鱼,0.49
福建省,厦门市,浙江省,丽水市,无异常,中华绒螯蟹,0.05
浙江省,金华市,上海市,上海市,硝基呋喃,带鱼,0.58
浙江省,宁波市,浙江省,绍兴市,孔雀石绿,青蟹,0.99
浙江省,丽水市,浙江省,湖州市,无异常,牡蛎,0.09
浙江省,湖州市,浙江省,杭州市,诺氟沙星,中华绒螯蟹,0.54
浙江省,绍兴市,浙江省,杭州市,无异常,扇贝,0.37
浙江省,舟山市,浙江省,湖州市,硝基呋喃,小黄鱼,0.96
浙江省,丽水市,上海市,上海市,无异常,扇贝,0.28
浙江省,金华市,浙江省,杭州市,无异常,牡蛎,0.18
浙江省,宁波市,上海市,上海市,诺氟沙星,带鱼,0.68
山东省,烟台市,浙江省,嘉兴市,氯霉素,扇贝,0.45
浙江省,丽水市,浙江省,金华市,氯霉素,小黄鱼,0.53
浙江省,杭州市,浙江省,宁波市,无异常,大黄鱼,0.28
浙江省,湖州市,浙江省,台州市,无异常,扇贝,0.12
浙江省,台州市,浙江省,温州市,硝基呋喃,牡蛎,0.76
浙江省,绍兴市,浙江省,舟山市,无异常,南美白对虾,0.09
江苏省,南京市,浙江省,杭州市,无异常,中华绒螯蟹,0.21
浙江省,宁波市,浙江省,杭州市,硝基呋喃,中华绒螯蟹,0.83
浙江省,衢州市,浙江省,嘉兴市,无异常,中华绒螯蟹,0.31
浙江省,金华市,浙江省,丽水市,无异常,牡蛎,0.2
广东省,湛江市,浙江省,丽水市,硝基呋喃,中华绒螯蟹,0.84
浙江省,舟山市,浙江省,杭州市,氯霉素,大黄鱼,0.52
浙江省,衢州市,江苏省,连云港市,无异常,小黄鱼,0.25
浙江省,衢州市,浙江省,舟山市,无异常,中华绒螯蟹,0.24
北京市,北京市,浙江省,绍兴市,无异常,大黄鱼,0.25
浙江省,湖州市,浙江省,杭州市,无异常,青蟹,0.35
浙江省,湖州市,浙江省,衢州市,无异常,青蟹,0.33
辽宁省,大连市,浙江省,舟山市,无异常,小黄鱼,0.07
浙江省,金华市,江苏省,南京市,无异常,大黄鱼,0.03
浙江省,金华市,浙江省,丽水市,无异常,中华绒螯蟹,0.05
浙江省,舟山市,浙江省,宁波市,硝基呋喃,带鱼,0.95
浙江省,宁波市,浙江省,绍兴市,五氯酚酸钠,青蟹,0.81
浙江省,杭州市,浙江省,杭州市,无异常,小黄鱼,0.14
浙江省,台州市,江苏省,南京市,氯霉素,南美白对虾,0.63
浙江省,衢州市,浙江省,嘉兴市,无异常,带鱼,0.34
广东省,深圳市,浙江省,宁波市,硝基呋喃,牡蛎,0.68
广东省,湛江市,上海市,上海市,硝基呋喃,南美白对虾,0.73
上海市,上海市,浙江省,杭州市,无异常,南美白对虾,0.21
浙江省,嘉兴市,浙江省,宁波市,重金属(镉),扇贝,0.66
浙江省,嘉兴市,上海市,上海市,无异常,带鱼,0.38
浙江省,绍兴市,浙江省,金华市,孔雀石绿,青蟹,0.41
浙江省,舟山市,江苏省,苏州市,硝基呋喃,带鱼,0.93
浙江省,湖州市,浙江省,宁波市,无异常,中华绒螯蟹,0.11
浙江省,杭州市,浙江省,温州市,无异常,牡蛎,0.23
浙江省,丽水市,浙江省,杭州市,无异常,带鱼,0.07
浙江省,绍兴市,浙江省,绍兴市,重金属(汞),带鱼,0.48
浙江省,台州市,江苏省,南京市,硝基呋喃,中华绒螯蟹,0.95
浙江省,杭州市,浙江省,金华市,重金属(镉),南美白对虾,0.68
浙江省,舟山市,浙江省,金华市,氯霉素,牡蛎,0.94
浙江省,衢州市,浙江省,丽水市,诺氟沙星,大黄鱼,0.68
浙江省,湖州市,浙江省,衢州市,无异常,中华绒螯蟹,0.38
广东省,深圳市,浙江省,衢州市,无异常,青蟹,0.18
浙江省,杭州市,浙江省,宁波市,无异常,牡蛎,0.25
浙江省,丽水市,浙江省,杭州市,无异常,小黄鱼,0.1
浙江省,宁波市,浙江省,嘉兴市,诺氟沙星,小黄鱼,0.53
浙江省,舟山市,浙江省,嘉兴市,氯霉素,扇贝,0.41
浙江省,绍兴市,浙江省,衢州市,无异常,牡蛎,0.12
浙江省,丽水市,浙江省,温州市,重金属(汞),扇贝,0.48
浙江省,杭州市,浙江省,金华市,无异常,青蟹,0.26
浙江省,宁波市,浙江省,台州市,氯霉素,青蟹,0.91
浙江省,绍兴市,上海市,上海市,无异常,南美白对虾,0.23
浙江省,丽水市,浙江省,杭州市,无异常,大黄鱼,0.3
浙江省,衢州市,浙江省,温州市,无异常,带鱼,0.16
上海市,上海市,浙江省,杭州市,无异常,牡蛎,0.02
浙江省,宁波市,江苏省,南通市,重金属(镉),南美白对虾,0.77
浙江省,金华市,浙江省,湖州市,氯霉素,中华绒螯蟹,0.57
浙江省,衢州市,江苏省,连云港市,无异常,大黄鱼,0.12
浙江省,温州市,浙江省,舟山市,五氯酚酸钠,大黄鱼,0.93
浙江省,宁波市,江苏省,苏州市,五氯酚酸钠,扇贝,0.8
浙江省,衢州市,浙江省,金华市,无异常,大黄鱼,0.1
上海市,上海市,浙江省,绍兴市,无异常,南美白对虾,0.02
浙江省,宁波市,江苏省,南通市,诺氟沙星,大黄鱼,0.62
浙江省,金华市,浙江省,绍兴市,无异常,小黄鱼,0.08
浙江省,金华市,上海市,上海市,无异常,小黄鱼,0.03
浙江省,杭州市,浙江省,丽水市,重金属(镉),中华绒螯蟹,0.43
浙江省,宁波市,浙江省,衢州市,硝基呋喃,大黄鱼,0.5
浙江省,舟山市,浙江省,金华市,诺氟沙星,南美白对虾,0.91
浙江省,舟山市,浙江省,温州市,孔雀石绿,南美白对虾,0.88
浙江省,舟山市,浙江省,宁波市,诺氟沙星,南美白对虾,0.89
浙江省,湖州市,浙江省,金华市,硝基呋喃,大黄鱼,0.68
福建省,泉州市,浙江省,丽水市,无异常,大黄鱼,0.06
浙江省,舟山市,浙江省,嘉兴市,重金属(汞),牡蛎,0.75
福建省,泉州市,浙江省,湖州市,无异常,带鱼,0.14
浙江省,金华市,上海市,上海市,无异常,扇贝,0.32
浙江省,台州市,浙江省,嘉兴市,氯霉素,南美白对虾,0.64
浙江省,绍兴市,浙江省,温州市,无异常,牡蛎,0.15
浙江省,杭州市,浙江省,湖州市,无异常,小黄鱼,0.35
辽宁省,大连市,上海市,上海市,诺氟沙星,中华绒螯蟹,0.51
浙江省,宁波市,江苏省,南京市,硝基呋喃,牡蛎,0.81
浙江省,温州市,浙江省,金华市,五氯酚酸钠,牡蛎,0.5
浙江省,温州市,浙江省,舟山市,诺氟沙星,带鱼,0.74
浙江省,绍兴市,江苏省,南通市,无异常,扇贝,0.26
山东省,烟台市,浙江省,舟山市,诺氟沙星,大黄鱼,0.68
浙江省,湖州市,浙江省,金华市,无异常,牡蛎,0.35
浙江省,绍兴市,浙江省,绍兴市,无异常,南美白对虾,0.37
浙江省,丽水市,上海市,上海市,无异常,牡蛎,0.14
浙江省,丽水市,浙江省,温州市,无异常,中华绒螯蟹,0.32
浙江省,宁波市,浙江省,嘉兴市,氯霉素,南美白对虾,0.95
上海市,上海市,浙江省,衢州市,无异常,中华绒螯蟹,0.38
浙江省,台州市,江苏省,连云港市,氯霉素,带鱼,0.84
浙江省,衢州市,浙江省,台州市,无异常,青蟹,0.21
浙江省,湖州市,上海市,上海市,无异常,大黄鱼,0.31
辽宁省,盘锦市,浙江省,金华市,重金属(镉),南美白对虾,0.48
浙江省,衢州市,浙江省,杭州市,无异常,中华绒螯蟹,0.34
浙江省,杭州市,浙江省,台州市,无异常,小黄鱼,0.35
浙江省,温州市,江苏省,连云港市,硝基呋喃,大黄鱼,0.52
福建省,宁德市,浙江省,宁波市,无异常,大黄鱼,0.1
浙江省,湖州市,浙江省,湖州市,无异常,扇贝,0.03
浙江省,杭州市,浙江省,宁波市,无异常,中华绒螯蟹,0.07
浙江省,绍兴市,浙江省,温州市,重金属(镉),青蟹,0.48
浙江省,衢州市,浙江省,台州市,无异常,带鱼,0.17
辽宁省,大连市,浙江省,绍兴市,诺氟沙星,扇贝,0.67
福建省,福州市,上海市,上海市,无异常,带鱼,0.29
北京市,北京市,上海市,上海市,无异常,带鱼,0.3
上海市,上海市,浙江省,丽水市,重金属(镉),小黄鱼,0.62
浙江省,金华市,浙江省,绍兴市,无异常,带鱼,0.14
浙江省,金华市,浙江省,温州市,无异常,牡蛎,0.13
浙江省,绍兴市,浙江省,舟山市,无异常,扇贝,0.2
浙江省,嘉兴市,浙江省,绍兴市,无异常,中华绒螯蟹,0.37
浙江省,舟山市,浙江省,杭州市,硝基呋喃,小黄鱼,0.83
浙江省,舟山市,浙江省,金华市,五氯酚酸钠,牡蛎,0.98
浙江省,温州市,浙江省,台州市,五氯酚酸钠,青蟹,0.63
浙江省,衢州市,浙江省,衢州市,无异常,中华绒螯蟹,0.13
浙江省,丽水市,浙江省,宁波市,无异常,小黄鱼,0.3
浙江省,嘉兴市,上海市,上海市,无异常,小黄鱼,0.32
浙江省,宁波市,浙江省,杭州市,五氯酚酸钠,中华绒螯蟹,0.87
浙江省,宁波市,浙江省,湖州市,硝基呋喃,中华绒螯蟹,0.98
浙江省,绍兴市,浙江省,宁波市,无异常,牡蛎,0.04
浙江省,杭州市,上海市,上海市,无异常,青蟹,0.11
浙江省,台州市,浙江省,温州市,五氯酚酸钠,牡蛎,0.74
北京市,北京市,浙江省,绍兴市,无异常,扇贝,0.16
山东省,烟台市,上海市,上海市,无异常,大黄鱼,0.31
浙江省,宁波市,浙江省,衢州市,硝基呋喃,中华绒螯蟹,0.68
辽宁省,大连市,上海市,上海市,硝基呋喃,带鱼,0.45
浙江省,宁波市,浙江省,台州市,诺氟沙星,南美白对虾,0.92
浙江省,丽水市,浙江省,宁波市,氯霉素,带鱼,0.59
浙江省,台州市,江苏省,连云港市,诺氟沙星,小黄鱼,0.42
浙江省,温州市,浙江省,台州市,重金属(镉),大黄鱼,0.72
浙江省,杭州市,浙江省,舟山市,无异常,青蟹,0.32
浙江省,温州市,浙江省,绍兴市,五氯酚酸钠,扇贝,0.5
浙江省,台州市,浙江省,宁波市,孔雀石绿,青蟹,0.96
浙江省,温州市,浙江省,台州市,重金属(汞),大黄鱼,0.71
浙江省,温州市,浙江省,杭州市,氯霉素,中华绒螯蟹,0.86
浙江省,嘉兴市,浙江省,杭州市,无异常,带鱼,0.36
江苏省,连云港市,浙江省,温州市,无异常,带鱼,0.37
浙江省,丽水市,浙江省,嘉兴市,无异常,小黄鱼,0.13
浙江省,绍兴市,江苏省,连云港市,无异常,带鱼,0.26
浙江省,嘉兴市,浙江省,金华市,硝基呋喃,南美白对虾,0.65
辽宁省,大连市,上海市,上海市,无异常,中华绒螯蟹,0.15
浙江省,绍兴市,浙江省,嘉兴市,无异常,带鱼,0.38
浙江省,绍兴市,上海市,上海市,无异常,带鱼,0.07
广东省,广州市,上海市,上海市,重金属(汞),中华绒螯蟹,0.55
浙江省,丽水市,江苏省,苏州市,无异常,南美白对虾,0.15
浙江省,丽水市,浙江省,温州市,无异常,中华绒螯蟹,0.05
浙江省,丽水市,浙江省,湖州市,无异常,青蟹,0.06
浙江省,杭州市,浙江省,温州市,无异常,小黄鱼,0.14
浙江省,杭州市,浙江省,台州市,无异常,中华绒螯蟹,0.06
浙江省,金华市,浙江省,台州市,无异常,带鱼,0.18
浙江省,金华市,浙江省,湖州市,无异常,小黄鱼,0.13
山东省,日照市,浙江省,丽水市,无异常,中华绒螯蟹,0.39
浙江省,舟山市,浙江省,嘉兴市,五氯酚酸钠,小黄鱼,0.66
浙江省,杭州市,浙江省,宁波市,无异常,带鱼,0.29
浙江省,丽水市,上海市,上海市,无异常,南美白对虾,0.19
浙江省,宁波市,江苏省,连云港市,重金属(镉),带鱼,0.8
浙江省,衢州市,浙江省,舟山市,无异常,大黄鱼,0.21
浙江省,绍兴市,浙江省,绍兴市,无异常,牡蛎,0.01
浙江省,金华市,浙江省,宁波市,无异常,南美白对虾,0.27
浙江省,湖州市,浙江省,湖州市,无异常,中华绒螯蟹,0.09
福建省,厦门市,上海市,上海市,无异常,扇贝,0.3
浙江省,温州市,浙江省,杭州市,五氯酚酸钠,牡蛎,0.57
广东省,汕头市,浙江省,衢州市,重金属(镉),扇贝,0.66
浙江省,湖州市,上海市,上海市,无异常,青蟹,0.03
浙江省,舟山市,浙江省,绍兴市,五氯酚酸钠,扇贝,0.94
浙江省,绍兴市,上海市,上海市,重金属(汞),小黄鱼,0.66
江苏省,南通市,浙江省,台州市,无异常,中华绒螯蟹,0.04
浙江省,台州市,浙江省,湖州市,重金属(汞),中华绒螯蟹,0.63
江苏省,南京市,浙江省,杭州市,无异常,牡蛎,0.36
浙江省,温州市,浙江省,杭州市,氯霉素,带鱼,0.85
浙江省,丽水市,浙江省,温州市,无异常,牡蛎,0.2
山东省,烟台市,浙江省,衢州市,氯霉素,牡蛎,0.53
浙江省,湖州市,浙江省,温州市,重金属(汞),青蟹,0.69
北京市,北京市,浙江省,杭州市,无异常,大黄鱼,0.29
浙江省,衢州市,上海市,上海市,无异常,大黄鱼,0.17
浙江省,宁波市,浙江省,台州市,氯霉素,大黄鱼,0.84
浙江省,绍兴市,浙江省,衢州市,重金属(汞),青蟹,0.47
浙江省,绍兴市,浙江省,温州市,无异常,带鱼,0.33
浙江省,宁波市,上海市,上海市,重金属(汞),牡蛎,0.99
辽宁省,大连市,浙江省,衢州市,无异常,大黄鱼,0.14
浙江省,丽水市,浙江省,绍兴市,无异常,牡蛎,0.05
浙江省,舟山市,上海市,上海市,孔雀石绿,小黄鱼,0.68
浙江省,宁波市,浙江省,绍兴市,重金属(汞),大黄鱼,0.94
浙江省,湖州市,上海市,上海市,无异常,大黄鱼,0.09
浙江省,温州市,上海市,上海市,重金属(镉),南美白对虾,0.91
浙江省,舟山市,江苏省,连云港市,重金属(汞),南美白对虾,0.87
北京市,北京市,上海市,上海市,重金属(汞),大黄鱼,0.49
浙江省,杭州市,江苏省,连云港市,无异常,青蟹,0.22
浙江省,嘉兴市,浙江省,台州市,无异常,牡蛎,0.23
上海市,上海市,浙江省,杭州市,无异常,牡蛎,0.28
浙江省,金华市,浙江省,台州市,无异常,大黄鱼,0.25
广东省,汕头市,浙江省,丽水市,无异常,中华绒螯蟹,0.1
浙江省,衢州市,浙江省,温州市,无异常,中华绒螯蟹,0.32
浙江省,金华市,浙江省,绍兴市,无异常,青蟹,0.28
广东省,湛江市,浙江省,台州市,氯霉素,牡蛎,0.53
浙江省,台州市,浙江省,衢州市,孔雀石绿,带鱼,0.6
浙江省,台州市,浙江省,宁波市,硝基呋喃,南美白对虾,0.56
浙江省,嘉兴市,浙江省,金华市,无异常,南美白对虾,0.21
江苏省,南通市,浙江省,杭州市,无异常,牡蛎,0.09
浙江省,舟山市,上海市,上海市,诺氟沙星,大黄鱼,0.8
浙江省,杭州市,上海市,上海市,无异常,中华绒螯蟹,0.29
山东省,威海市,上海市,上海市,无异常,带鱼,0.29
浙江省,绍兴市,浙江省,杭州市,无异常,大黄鱼,0.36
北京市,北京市,浙江省,丽水市,无异常,带鱼,0.16
浙江省,台州市,浙江省,嘉兴市,孔雀石绿,青蟹,0.88
山东省,烟台市,上海市,上海市,孔雀石绿,带鱼,0.44
浙江省,湖州市,上海市,上海市,五氯酚酸钠,小黄鱼,0.53
浙江省,丽水市,浙江省,衢州市,无异常,牡蛎,0.1
上海市,上海市,浙江省,台州市,无异常,南美白对虾,0.27
上海市,上海市,浙江省,杭州市,无异常,小黄鱼,0.28
浙江省,绍兴市,上海市,上海市,重金属(汞),大黄鱼,0.42
浙江省,台州市,浙江省,丽水市,诺氟沙星,中华绒螯蟹,0.64
浙江省,湖州市,浙江省,衢州市,无异常,中华绒螯蟹,0.37
浙江省,衢州市,浙江省,舟山市,无异常,小黄鱼,0.2
浙江省,金华市,浙江省,绍兴市,无异常,小黄鱼,0.23
福建省,厦门市,浙江省,湖州市,无异常,带鱼,0.13
浙江省,舟山市,浙江省,衢州市,诺氟沙星,青蟹,0.61
浙江省,宁波市,浙江省,杭州市,重金属(汞),大黄鱼,0.86
浙江省,衢州市,浙江省,绍兴市,无异常,带鱼,0.05
浙江省,丽水市,浙江省,杭州市,无异常,扇贝,0.26
浙江省,嘉兴市,浙江省,丽水市,孔雀石绿,扇贝,0.59
上海市,上海市,浙江省,杭州市,重金属(镉),中华绒螯蟹,0.44
浙江省,金华市,浙江省,温州市,无异常,青蟹,0.1
浙江省,台州市,浙江省,温州市,孔雀石绿,南美白对虾,0.94
浙江省,杭州市,浙江省,舟山市,无异常,带鱼,0.34
广东省,汕头市,浙江省,舟山市,无异常,中华绒螯蟹,0.3
上海市,上海市,浙江省,宁波市,无异常,青蟹,0.37
浙江省,台州市,浙江省,丽水市,诺氟沙星,带鱼,0.53
浙江省,台州市,浙江省,嘉兴市,五氯酚酸钠,大黄鱼,0.9
浙江省,台州市,浙江省,宁波市,重金属(汞),牡蛎,0.9
浙江省,丽水市,浙江省,金华市,无异常,带鱼,0.31
浙江省,温州市,江苏省,连云港市,孔雀石绿,带鱼,0.8
浙江省,舟山市,上海市,上海市,五氯酚酸钠,大黄鱼,0.89
浙江省,湖州市,浙江省,嘉兴市,无异常,扇贝,0.19
浙江省,湖州市,上海市,上海市,无异常,大黄鱼,0.23
浙江省,台州市,浙江省,衢州市,五氯酚酸钠,牡蛎,0.67
浙江省,嘉兴市,浙江省,绍兴市,重金属(镉),青蟹,0.43
广东省,深圳市,浙江省,温州市,无异常,牡蛎,0.16
浙江省,湖州市,江苏省,南通市,无异常,小黄鱼,0.38
浙江省,衢州市,浙江省,嘉兴市,无异常,中华绒螯蟹,0.06
浙江省,湖州市,浙江省,杭州市,无异常,中华绒螯蟹,0.21
浙江省,嘉兴市,浙江省,温州市,无异常,大黄鱼,0.02
浙江省,金华市,上海市,上海市,无异常,带鱼,0.32
上海市,上海市,浙江省,杭州市,硝基呋喃,青蟹,0.43
山东省,威海市,上海市,上海市,重金属(镉),中华绒螯蟹,0.5
浙江省,温州市,上海市,上海市,重金属(镉),牡蛎,0.66
浙江省,杭州市,江苏省,苏州市,无异常,带鱼,0.15
浙江省,金华市,浙江省,丽水市,五氯酚酸钠,中华绒螯蟹,0.65
浙江省,湖州市,浙江省,丽水市,无异常,带鱼,0.31
浙江省,湖州市,浙江省,宁波市,无异常,南美白对虾,0.06
浙江省,舟山市,江苏省,南京市,五氯酚酸钠,青蟹,0.61
浙江省,舟山市,浙江省,丽水市,氯霉素,牡蛎,0.84
浙江省,台州市,浙江省,杭州市,孔雀石绿,南美白对虾,0.91
浙江省,宁波市,浙江省,衢州市,硝基呋喃,牡蛎,0.5
浙江省,舟山市,江苏省,南通市,氯霉素,带鱼,0.54
浙江省,杭州市,上海市,上海市,无异常,南美白对虾,0.12
山东省,烟台市,浙江省,衢州市,无异常,扇贝,0.35
浙江省,宁波市,上海市,上海市,五氯酚酸钠,南美白对虾,0.75
浙江省,金华市,江苏省,连云港市,无异常,带鱼,0.13
浙江省,舟山市,浙江省,丽水市,硝基呋喃,青蟹,0.54
浙江省,金华市,浙江省,宁波市,无异常,带鱼,0.28
上海市,上海市,浙江省,杭州市,无异常,扇贝,0.23
浙江省,台州市,浙江省,温州市,氯霉素,扇贝,0.97
江苏省,苏州市,浙江省,杭州市,无异常,带鱼,0.32
北京市,北京市,浙江省,湖州市,无异常,小黄鱼,0.04
浙江省,衢州市,浙江省,湖州市,无异常,扇贝,0.04
浙江省,湖州市,浙江省,金华市,重金属(汞),青蟹,0.43
浙江省,湖州市,浙江省,台州市,无异常,南美白对虾,0.01
江苏省,南通市,浙江省,湖州市,无异常,中华绒螯蟹,0.37
浙江省,衢州市,浙江省,湖州市,无异常,大黄鱼,0.13
浙江省,杭州市,浙江省,舟山市,无异常,牡蛎,0.04
浙江省,衢州市,浙江省,温州市,重金属(镉),青蟹,0.67
浙江省,金华市,浙江省,温州市,重金属(镉),小黄鱼,0.47
浙江省,舟山市,浙江省,温州市,重金属(汞),带鱼,0.98
浙江省,金华市,浙江省,舟山市,无异常,大黄鱼,0.03
浙江省,丽水市,江苏省,南京市,无异常,南美白对虾,0.23
福建省,厦门市,浙江省,嘉兴市,无异常,青蟹,0.15
江苏省,南京市,浙江省,衢州市,硝基呋喃,南美白对虾,0.53
上海市,上海市,浙江省,温州市,诺氟沙星,中华绒螯蟹,0.62
浙江省,台州市,浙江省,舟山市,氯霉素,带鱼,0.93
浙江省,宁波市,浙江省,衢州市,重金属(镉),扇贝,0.6
浙江省,温州市,浙江省,杭州市,重金属(汞),青蟹,0.84
浙江省,绍兴市,江苏省,南通市,无异常,中华绒螯蟹,0.32
浙江省,温州市,浙江省,温州市,硝基呋喃,扇贝,0.92
浙江省,湖州市,浙江省,金华市,无异常,南美白对虾,0.19
浙江省,宁波市,浙江省,嘉兴市,孔雀石绿,牡蛎,0.82
浙江省,湖州市,江苏省,南通市,无异常,小黄鱼,0.12
浙江省,丽水市,江苏省,苏州市,无异常,中华绒螯蟹,0.29
浙江省,绍兴市,浙江省,金华市,无异常,扇贝,0.04
浙江省,衢州市,浙江省,嘉兴市,无异常,南美白对虾,0.13
浙江省,衢州市,浙江省,丽水市,无异常,南美白对虾,0.15
浙江省,台州市,浙江省,温州市,氯霉素,扇贝,0.65
浙江省,金华市,浙江省,宁波市,无异常,小黄鱼,0.3
浙江省,杭州市,浙江省,湖州市,无异常,大黄鱼,0.22
浙江省,温州市,浙江省,衢州市,重金属(镉),南美白对虾,0.44
山东省,威海市,上海市,上海市,无异常,扇贝,0.17
浙江省,温州市,浙江省,舟山市,五氯酚酸钠,扇贝,0.89
浙江省,丽水市,浙江省,杭州市,氯霉素,牡蛎,0.63
浙江省,杭州市,浙江省,舟山市,无异常,牡蛎,0.34
广东省,汕头市,浙江省,绍兴市,无异常,牡蛎,0.25
浙江省,衢州市,浙江省,杭州市,无异常,中华绒螯蟹,0.03
浙江省,丽水市,浙江省,宁波市,无异常,带鱼,0.16
浙江省,湖州市,浙江省,杭州市,无异常,扇贝,0.22
浙江省,衢州市,浙江省,杭州市,无异常,小黄鱼,0.24
浙江省,湖州市,浙江省,宁波市,无异常,扇贝,0.05
浙江省,嘉兴市,浙江省,杭州市,无异常,牡蛎,0.25
浙江省,丽水市,上海市,上海市,无异常,扇贝,0.15
浙江省,嘉兴市,浙江省,温州市,诺氟沙星,中华绒螯蟹,0.55
浙江省,湖州市,江苏省,南京市,重金属(镉),青蟹,0.69
浙江省,杭州市,浙江省,舟山市,无异常,小黄鱼,0.35
浙江省,嘉兴市,浙江省,台州市,无异常,带鱼,0.2
浙江省,绍兴市,浙江省,杭州市,无异常,青蟹,0.12
浙江省,台州市,浙江省,湖州市,诺氟沙星,中华绒螯蟹,0.79
浙江省,杭州市,浙江省,嘉兴市,无异常,中华绒螯蟹,0.09
广东省,广州市,浙江省,舟山市,无异常,大黄鱼,0.25
浙江省,台州市,上海市,上海市,氯霉素,青蟹,0.79
浙江省,杭州市,浙江省,绍兴市,无异常,牡蛎,0.03
广东省,汕头市,浙江省,湖州市,无异常,带鱼,0.39
浙江省,丽水市,浙江省,湖州市,氯霉素,青蟹,0.64
浙江省,湖州市,浙江省,杭州市,无异常,中华绒螯蟹,0.17
浙江省,温州市,浙江省,舟山市,诺氟沙星,中华绒螯蟹,0.83
浙江省,台州市,江苏省,南京市,氯霉素,青蟹,0.92
浙江省,金华市,浙江省,绍兴市,无异常,大黄鱼,0.09
浙江省,温州市,浙江省,台州市,重金属(镉),扇贝,0.92
浙江省,衢州市,浙江省,杭州市,无异常,中华绒螯蟹,0.31
浙江省,丽水市,上海市,上海市,无异常,南美白对虾,0.14
浙江省,温州市,浙江省,金华市,重金属(镉),带鱼,0.9
浙江省,舟山市,浙江省,湖州市,硝基呋喃,中华绒螯蟹,0.94
浙江省,杭州市,浙江省,宁波市,无异常,小黄鱼,0.3
浙江省,杭州市,浙江省,嘉兴市,无异常,牡蛎,0.19
浙江省,杭州市,浙江省,绍兴市,无异常,中华绒螯蟹,0.12
浙江省,湖州市,浙江省,丽水市,无异常,小黄鱼,0.02
浙江省,丽水市,浙江省,衢州市,无异常,大黄鱼,0.2
浙江省,宁波市,上海市,上海市,硝基呋喃,扇贝,0.98
浙江省,宁波市,浙江省,金华市,诺氟沙星,大黄鱼,0.75
浙江省,绍兴市,浙江省,宁波市,无异常,青蟹,0.09
浙江省,金华市,浙江省,嘉兴市,诺氟沙星,中华绒螯蟹,0.65
浙江省,湖州市,浙江省,衢州市,无异常,中华绒螯蟹,0.09
北京市,北京市,浙江省,嘉兴市,孔雀石绿,扇贝,0.68
浙江省,嘉兴市,浙江省,温州市,无异常,大黄鱼,0.28
浙江省,温州市,浙江省,台州市,重金属(汞),带鱼,0.68
浙江省,温州市,浙江省,丽水市,重金属(汞),南美白对虾,0.42
浙江省,湖州市,浙江省,湖州市,无异常,小黄鱼,0.3
浙江省,丽水市,江苏省,南通市,孔雀石绿,青蟹,0.57
浙江省,温州市,浙江省,金华市,五氯酚酸钠,牡蛎,0.82
浙江省,衢州市,浙江省,台州市,无异常,大黄鱼,0.13
福建省,厦门市,上海市,上海市,无异常,带鱼,0.14
浙江省,湖州市,浙江省,温州市,无异常,小黄鱼,0.33
浙江省,台州市,浙江省,衢州市,五氯酚酸钠,扇贝,0.63
浙江省,温州市,浙江省,金华市,诺氟沙星,中华绒螯蟹,0.78
浙江省,温州市,浙江省,嘉兴市,五氯酚酸钠,小黄鱼,0.88
辽宁省,盘锦市,浙江省,丽水市,重金属(镉),南美白对虾,0.6
浙江省,湖州市,江苏省,苏州市,无异常,小黄鱼,0.03
浙江省,宁波市,浙江省,杭州市,重金属(汞),扇贝,0.55
浙江省,金华市,上海市,上海市,重金属(汞),小黄鱼,0.6
浙江省,金华市,浙江省,嘉兴市,重金属(镉),南美白对虾,0.66
浙江省,衢州市,浙江省,温州市,诺氟沙星,大黄鱼,0.45
浙江省,宁波市,江苏省,南京市,诺氟沙星,小黄鱼,0.64
浙江省,丽水市,江苏省,连云港市,无异常,大黄鱼,0.3
辽宁省,盘锦市,浙江省,温州市,无异常,大黄鱼,0.36
浙江省,温州市,浙江省,舟山市,孔雀石绿,扇贝,0.84
浙江省,嘉兴市,浙江省,杭州市,无异常,带鱼,0.36
浙江省,宁波市,浙江省,宁波市,重金属(汞),扇贝,0.94
山东省,青岛市,上海市,上海市,五氯酚酸钠,大黄鱼,0.85
浙江省,嘉兴市,浙江省,丽水市,无异常,带鱼,0.17
浙江省,衢州市,浙江省,绍兴市,无异常,小黄鱼,0.25
浙江省,湖州市,浙江省,绍兴市,硝基呋喃,带鱼,0.65
浙江省,台州市,浙江省,温州市,诺氟沙星,小黄鱼,0.87
浙江省,湖州市,浙江省,杭州市,无异常,南美白对虾,0.33
浙江省,嘉兴市,浙江省,湖州市,五氯酚酸钠,小黄鱼,0.51
浙江省,舟山市,浙江省,湖州市,诺氟沙星,南美白对虾,0.89
浙江省,嘉兴市,浙江省,湖州市,无异常,牡蛎,0.12
浙江省,丽水市,浙江省,衢州市,无异常,青蟹,0.33
浙江省,杭州市,上海市,上海市,无异常,中华绒螯蟹,0.13
浙江省,衢州市,江苏省,南通市,无异常,中华绒螯蟹,0.12
浙江省,丽水市,浙江省,金华市,重金属(镉),中华绒螯蟹,0.68
浙江省,宁波市,浙江省,杭州市,五氯酚酸钠,中华绒螯蟹,0.72
浙江省,绍兴市,浙江省,温州市,氯霉素,青蟹,0.42
广东省,湛江市,浙江省,衢州市,五氯酚酸钠,小黄鱼,0.81
浙江省,金华市,浙江省,衢州市,无异常,青蟹,0.1
浙江省,杭州市,浙江省,温州市,无异常,大黄鱼,0.04
浙江省,湖州市,浙江省,台州市,无异常,牡蛎,0.1
浙江省,温州市,浙江省,台州市,硝基呋喃,扇贝,0.7
浙江省,台州市,浙江省,绍兴市,氯霉素,小黄鱼,0.67
浙江省,金华市,浙江省,绍兴市,无异常,大黄鱼,0.35
浙江省,金华市,浙江省,嘉兴市,无异常,中华绒螯蟹,0.13
浙江省,丽水市,浙江省,舟山市,无异常,青蟹,0.04
广东省,广州市,浙江省,衢州市,无异常,牡蛎,0.07
浙江省,金华市,浙江省,丽水市,重金属(汞),中华绒螯蟹,0.67
浙江省,宁波市,浙江省,杭州市,孔雀石绿,牡蛎,0.48
浙江省,嘉兴市,浙江省,衢州市,无异常,小黄鱼,0.29
浙江省,绍兴市,浙江省,温州市,五氯酚酸钠,青蟹,0.53
浙江省,嘉兴市,上海市,上海市,无异常,青蟹,0.19
浙江省,宁波市,上海市,上海市,氯霉素,带鱼,0.87
浙江省,舟山市,上海市,上海市,重金属(汞),中华绒螯蟹,0.51
北京市,北京市,浙江省,丽水市,无异常,小黄鱼,0.33
浙江省,嘉兴市,浙江省,台州市,无异常,扇贝,0.07
浙江省,绍兴市,浙江省,嘉兴市,无异常,大黄鱼,0.23
江苏省,连云港市,浙江省,温州市,无异常,大黄鱼,0.2
浙江省,绍兴市,上海市,上海市,无异常,牡蛎,0.02
浙江省,金华市,浙江省,湖州市,无异常,小黄鱼,0.09
浙江省,绍兴市,浙江省,金华市,无异常,扇贝,0.07
北京市,北京市,上海市,上海市,无异常,扇贝,0.25
浙江省,宁波市,浙江省,温州市,五氯酚酸钠,小黄鱼,0.84
浙江省,杭州市,浙江省,金华市,无异常,中华绒螯蟹,0.2
山东省,威海市,上海市,上海市,无异常,大黄鱼,0.25
浙江省,衢州市,浙江省,金华市,无异常,牡蛎,0.25
江苏省,苏州市,浙江省,宁波市,无异常,小黄鱼,0.32
辽宁省,盘锦市,浙江省,宁波市,无异常,青蟹,0.16
浙江省,杭州市,浙江省,宁波市,无异常,带鱼,0.09
浙江省,湖州市,浙江省,衢州市,无异常,带鱼,0.12
广东省,深圳市,上海市,上海市,无异常,青蟹,0.38
浙江省,台州市,浙江省,绍兴市,诺氟沙星,南美白对虾,0.66
浙江省,衢州市,浙江省,湖州市,无异常,小黄鱼,0.11
浙江省,宁波市,上海市,上海市,重金属(镉),带鱼,0.71
上海市,上海市,上海市,上海市,无异常,小黄鱼,0.19
浙江省,金华市,浙江省,绍兴市,无异常,青蟹,0.1
浙江省,台州市,江苏省,苏州市,重金属(汞),中华绒螯蟹,0.98
浙江省,舟山市,浙江省,金华市,重金属(汞),中华绒螯蟹,0.88
浙江省,湖州市,浙江省,台州市,无异常,小黄鱼,0.14
浙江省,金华市,浙江省,金华市,无异常,牡蛎,0.2
北京市,北京市,上海市,上海市,重金属(汞),扇贝,0.64
浙江省,绍兴市,浙江省,台州市,诺氟沙星,青蟹,0.64
浙江省,衢州市,浙江省,绍兴市,无异常,带鱼,0.18
浙江省,温州市,浙江省,杭州市,诺氟沙星,大黄鱼,0.64
浙江省,宁波市,浙江省,温州市,重金属(镉),牡蛎,0.86
浙江省,宁波市,浙江省,丽水市,诺氟沙星,扇贝,0.57
浙江省,杭州市,江苏省,南京市,无异常,青蟹,0.02
浙江省,宁波市,浙江省,金华市,氯霉素,南美白对虾,0.79
山东省,青岛市,浙江省,金华市,重金属(汞),扇贝,0.95
浙江省,台州市,浙江省,绍兴市,重金属(汞),牡蛎,0.95
浙江省,湖州市,浙江省,嘉兴市,无异常,扇贝,0.07
福建省,泉州市,浙江省,台州市,无异常,南美白对虾,0.05
浙江省,温州市,浙江省,杭州市,重金属(镉),牡蛎,0.8
浙江省,台州市,浙江省,湖州市,五氯酚酸钠,南美白对虾,0.97
浙江省,金华市,浙江省,衢州市,无异常,扇贝,0.22
浙江省,宁波市,浙江省,温州市,孔雀石绿,带鱼,0.84
浙江省,金华市,浙江省,舟山市,重金属(汞),大黄鱼,0.62
浙江省,舟山市,浙江省,台州市,重金属(汞),牡蛎,0.86
浙江省,丽水市,浙江省,台州市,硝基呋喃,小黄鱼,0.41
浙江省,绍兴市,浙江省,嘉兴市,重金属(镉),牡蛎,0.49
浙江省,湖州市,浙江省,温州市,诺氟沙星,小黄鱼,0.55
浙江省,嘉兴市,浙江省,嘉兴市,无异常,中华绒螯蟹,0.25
广东省,深圳市,上海市,上海市,重金属(镉),牡蛎,0.66
浙江省,金华市,浙江省,宁波市,无异常,带鱼,0.15
浙江省,绍兴市,江苏省,连云港市,无异常,青蟹,0.37
山东省,烟台市,浙江省,舟山市,无异常,青蟹,0.26
福建省,宁德市,上海市,上海市,重金属(镉),小黄鱼,0.52
山东省,日照市,上海市,上海市,无异常,大黄鱼,0.2
浙江省,宁波市,浙江省,台州市,硝基呋喃,扇贝,0.81
江苏省,连云港市,上海市,上海市,无异常,带鱼,0.08
浙江省,湖州市,浙江省,杭州市,无异常,牡蛎,0.16
浙江省,温州市,浙江省,舟山市,硝基呋喃,青蟹,0.96
浙江省,温州市,浙江省,嘉兴市,氯霉素,南美白对虾,0.68
浙江省,台州市,浙江省,丽水市,氯霉素,扇贝,0.76
北京市,北京市,浙江省,嘉兴市,无异常,扇贝,0.13
浙江省,绍兴市,浙江省,嘉兴市,孔雀石绿,小黄鱼,0.7
浙江省,丽水市,上海市,上海市,硝基呋喃,扇贝,0.52
浙江省,绍兴市,浙江省,杭州市,五氯酚酸钠,大黄鱼,0.64
浙江省,湖州市,上海市,上海市,无异常,中华绒螯蟹,0.07
浙江省,杭州市,浙江省,舟山市,无异常,带鱼,0.3
浙江省,杭州市,浙江省,台州市,无异常,牡蛎,0.13
江苏省,南通市,上海市,上海市,无异常,小黄鱼,0.32
浙江省,嘉兴市,江苏省,苏州市,无异常,大黄鱼,0.24
江苏省,苏州市,浙江省,杭州市,无异常,扇贝,0.16
浙江省,宁波市,上海市,上海市,氯霉素,大黄鱼,0.58
浙江省,杭州市,上海市,上海市,无异常,中华绒螯蟹,0.27
浙江省,杭州市,江苏省,苏州市,无异常,牡蛎,0.03
浙江省,湖州市,浙江省,杭州市,无异常,扇贝,0.34
山东省,日照市,上海市,上海市,五氯酚酸钠,南美白对虾,0.52
山东省,青岛市,浙江省,杭州市,孔雀石绿,中华绒螯蟹,0.77
上海市,上海市,浙江省,金华市,氯霉素,带鱼,0.6
浙江省,金华市,浙江省,舟山市,重金属(汞),扇贝,0.57
浙江省,温州市,浙江省,湖州市,硝基呋喃,带鱼,0.58
浙江省,台州市,浙江省,丽水市,重金属(镉),南美白对虾,0.59
浙江省,衢州市,江苏省,南通市,无异常,牡蛎,0.05
浙江省,丽水市,上海市,上海市,无异常,扇贝,0.12
辽宁省,盘锦市,浙江省,衢州市,无异常,青蟹,0.11
浙江省,丽水市,浙江省,杭州市,无异常,小黄鱼,0.1
浙江省,衢州市,浙江省,温州市,无异常,中华绒螯蟹,0.22
浙江省,金华市,浙江省,衢州市,无异常,大黄鱼,0.18
浙江省,绍兴市,浙江省,杭州市,无异常,青蟹,0.19
江苏省,南京市,浙江省,湖州市,无异常,牡蛎,0.15
浙江省,绍兴市,浙江省,丽水市,无异常,带鱼,0.09
浙江省,温州市,浙江省,衢州市,诺氟沙星,扇贝,0.61
浙江省,金华市,浙江省,绍兴市,无异常,小黄鱼,0.14
浙江省,温州市,浙江省,湖州市,重金属(镉),中华绒螯蟹,0.5
浙江省,杭州市,浙江省,嘉兴市,无异常,大黄鱼,0.22
浙江省,宁波市,浙江省,宁波市,重金属(镉),扇贝,0.69
浙江省,湖州市,浙江省,台州市,无异常,南美白对虾,0.04
浙江省,金华市,浙江省,杭州市,无异常,中华绒螯蟹,0.33
浙江省,宁波市,浙江省,丽水市,诺氟沙星,牡蛎,0.54
浙江省,绍兴市,浙江省,绍兴市,无异常,牡蛎,0.16
浙江省,湖州市,江苏省,连云港市,无异常,带鱼,0.06
浙江省,丽水市,浙江省,温州市,无异常,青蟹,0.12
浙江省,衢州市,浙江省,湖州市,无异常,牡蛎,0.29
浙江省,丽水市,上海市,上海市,无异常,大黄鱼,0.28
浙江省,嘉兴市,浙江省,丽水市,无异常,南美白对虾,0.19
浙江省,杭州市,浙江省,丽水市,无异常,带鱼,0.09
浙江省,温州市,浙江省,舟山市,重金属(汞),大黄鱼,0.79
浙江省,宁波市,浙江省,湖州市,硝基呋喃,扇贝,0.81
浙江省,衢州市,浙江省,丽水市,无异常,青蟹,0.21
浙江省,杭州市,浙江省,金华市,无异常,南美白对虾,0.17
浙江省,杭州市,浙江省,衢州市,无异常,扇贝,0.1
浙江省,台州市,浙江省,绍兴市,氯霉素,中华绒螯蟹,0.76
浙江省,绍兴市,浙江省,衢州市,无异常,大黄鱼,0.31
福建省,宁德市,浙江省,嘉兴市,无异常,中华绒螯蟹,0.29
浙江省,丽水市,浙江省,舟山市,无异常,牡蛎,0.11
广东省,深圳市,上海市,上海市,孔雀石绿,牡蛎,0.66
浙江省,丽水市,江苏省,苏州市,无异常,青蟹,0.29
浙江省,丽水市,浙江省,温州市,无异常,中华绒螯蟹,0.14
浙江省,舟山市,浙江省,舟山市,重金属(汞),扇贝,0.78
浙江省,湖州市,浙江省,丽水市,氯霉素,大黄鱼,0.42
浙江省,衢州市,浙江省,杭州市,诺氟沙星,扇贝,0.44
浙江省,金华市,上海市,上海市,无异常,牡蛎,0.23
浙江省,台州市,浙江省,杭州市,重金属(镉),带鱼,0.92
浙江省,湖州市,浙江省,台州市,无异常,小黄鱼,0.18
浙江省,绍兴市,浙江省,宁波市,无异常,小黄鱼,0.18
浙江省,丽水市,浙江省,杭州市,重金属(汞),青蟹,0.65
山东省,烟台市,浙江省,温州市,无异常,南美白对虾,0.13
北京市,北京市,上海市,上海市,无异常,大黄鱼,0.3
辽宁省,盘锦市,上海市,上海市,诺氟沙星,扇贝,0.47
浙江省,嘉兴市,浙江省,衢州市,无异常,小黄鱼,0.17
福建省,宁德市,浙江省,湖州市,无异常,牡蛎,0.3
浙江省,台州市,浙江省,宁波市,五氯酚酸钠,中华绒螯蟹,0.99
浙江省,丽水市,浙江省,舟山市,无异常,小黄鱼,0.17
浙江省,舟山市,浙江省,台州市,五氯酚酸钠,扇贝,0.85
山东省,青岛市,上海市,上海市,重金属(汞),扇贝,0.73
浙江省,嘉兴市,浙江省,绍兴市,无异常,南美白对虾,0.29
浙江省,衢州市,浙江省,舟山市,无异常,小黄鱼,0.16
浙江省,杭州市,上海市,上海市,无异常,小黄鱼,0.3
浙江省,丽水市,上海市,上海市,无异常,中华绒螯蟹,0.11
浙江省,台州市,浙江省,绍兴市,诺氟沙星,南美白对虾,0.8
浙江省,台州市,江苏省,连云港市,重金属(镉),扇贝,0.91
浙江省,嘉兴市,江苏省,连云港市,无异常,中华绒螯蟹,0.11
浙江省,温州市,浙江省,丽水市,氯霉素,青蟹,0.96
浙江省,金华市,浙江省,宁波市,无异常,牡蛎,0.09
浙江省,台州市,浙江省,杭州市,孔雀石绿,带鱼,0.48
浙江省,衢州市,江苏省,苏州市,无异常,青蟹,0.13
浙江省,衢州市,浙江省,绍兴市,无异常,青蟹,0.23
浙江省,杭州市,江苏省,南京市,无异常,扇贝,0.18
浙江省,嘉兴市,浙江省,舟山市,无异常,带鱼,0.36
浙江省,衢州市,浙江省,宁波市,无异常,带鱼,0.33
浙江省,绍兴市,江苏省,南京市,无异常,青蟹,0.15
浙江省,丽水市,浙江省,杭州市,无异常,牡蛎,0.22
浙江省,宁波市,江苏省,南京市,重金属(镉),扇贝,0.68
浙江省,衢州市,浙江省,舟山市,无异常,牡蛎,0.17
浙江省,台州市,浙江省,衢州市,氯霉素,大黄鱼,0.98
浙江省,衢州市,浙江省,衢州市,无异常,南美白对虾,0.15
浙江省,绍兴市,浙江省,台州市,重金属(汞),青蟹,0.48
江苏省,连云港市,浙江省,绍兴市,无异常,南美白对虾,0.13
辽宁省,大连市,上海市,上海市,无异常,带鱼,0.27
浙江省,嘉兴市,浙江省,绍兴市,无异常,南美白对虾,0.33
辽宁省,盘锦市,上海市,上海市,重金属(汞),大黄鱼,0.62
辽宁省,盘锦市,浙江省,丽水市,无异常,大黄鱼,0.15
北京市,北京市,浙江省,湖州市,无异常,带鱼,0.02
浙江省,宁波市,浙江省,金华市,硝基呋喃,中华绒螯蟹,0.93
浙江省,衢州市,浙江省,丽水市,无异常,南美白对虾,0.17
浙江省,丽水市,浙江省,宁波市,无异常,带鱼,0.04
浙江省,嘉兴市,江苏省,南通市,无异常,大黄鱼,0.39
浙江省,嘉兴市,江苏省,南京市,无异常,扇贝,0.07
浙江省,衢州市,江苏省,南通市,无异常,中华绒螯蟹,0.1
浙江省,丽水市,江苏省,连云港市,无异常,大黄鱼,0.27
浙江省,丽水市,上海市,上海市,无异常,中华绒螯蟹,0.18
浙江省,绍兴市,浙江省,温州市,无异常,大黄鱼,0.2
浙江省,嘉兴市,浙江省,衢州市,无异常,青蟹,0.06
浙江省,温州市,浙江省,丽水市,五氯酚酸钠,牡蛎,0.75
浙江省,舟山市,浙江省,衢州市,重金属(汞),大黄鱼,0.9
浙江省,湖州市,江苏省,南通市,无异常,牡蛎,0.1
浙江省,宁波市,浙江省,绍兴市,硝基呋喃,大黄鱼,0.57
浙江省,绍兴市,浙江省,丽水市,无异常,大黄鱼,0.4
浙江省,衢州市,浙江省,嘉兴市,无异常,带鱼,0.17
浙江省,宁波市,浙江省,台州市,硝基呋喃,带鱼,0.76
广东省,广州市,上海市,上海市,无异常,南美白对虾,0.26
辽宁省,大连市,浙江省,丽水市,无异常,大黄鱼,0.22
浙江省,杭州市,浙江省,温州市,重金属(汞),扇贝,0.42
浙江省,丽水市,浙江省,衢州市,无异常,带鱼,0.08
上海市,上海市,浙江省,湖州市,氯霉素,大黄鱼,0.45
浙江省,温州市,浙江省,舟山市,氯霉素,大黄鱼,0.62
江苏省,南通市,浙江省,丽水市,无异常,南美白对虾,0.39
北京市,北京市,上海市,上海市,无异常,中华绒螯蟹,0.17
浙江省,衢州市,浙江省,舟山市,无异常,青蟹,0.32
浙江省,温州市,浙江省,衢州市,硝基呋喃,大黄鱼,0.72
浙江省,丽水市,上海市,上海市,无异常,青蟹,0.34
浙江省,杭州市,浙江省,丽水市,无异常,扇贝,0.08
浙江省,嘉兴市,江苏省,南京市,无异常,青蟹,0.09
浙江省,台州市,浙江省,丽水市,硝基呋喃,牡蛎,0.96
浙江省,杭州市,浙江省,舟山市,无异常,带鱼,0.25
浙江省,绍兴市,浙江省,丽水市,无异常,青蟹,0.39
浙江省,衢州市,浙江省,湖州市,无异常,南美白对虾,0.17
浙江省,宁波市,浙江省,台州市,硝基呋喃,中华绒螯蟹,0.59
浙江省,丽水市,浙江省,衢州市,无异常,南美白对虾,0.28
浙江省,宁波市,浙江省,舟山市,诺氟沙星,牡蛎,0.62
福建省,宁德市,浙江省,绍兴市,无异常,青蟹,0.27
浙江省,温州市,浙江省,杭州市,硝基呋喃,中华绒螯蟹,0.41
浙江省,舟山市,江苏省,南京市,氯霉素,南美白对虾,0.92
浙江省,杭州市,江苏省,南通市,无异常,南美白对虾,0.15
北京市,北京市,浙江省,湖州市,无异常,中华绒螯蟹,0.05
浙江省,金华市,浙江省,舟山市,无异常,中华绒螯蟹,0.02
浙江省,丽水市,江苏省,连云港市,诺氟沙星,小黄鱼,0.45
浙江省,宁波市,浙江省,温州市,诺氟沙星,南美白对虾,0.91
浙江省,湖州市,浙江省,杭州市,无异常,南美白对虾,0.32
山东省,威海市,浙江省,宁波市,无异常,大黄鱼,0.12
辽宁省,大连市,上海市,上海市,无异常,大黄鱼,0.16
浙江省,宁波市,浙江省,绍兴市,孔雀石绿,扇贝,0.88
山东省,威海市,浙江省,嘉兴市,诺氟沙星,牡蛎,0.63
浙江省,台州市,浙江省,舟山市,重金属(汞),南美白对虾,0.69
浙江省,嘉兴市,上海市,上海市,无异常,小黄鱼,0.29
上海市,上海市,浙江省,温州市,无异常,扇贝,0.33
浙江省,丽水市,浙江省,温州市,无异常,扇贝,0.12
浙江省,杭州市,浙江省,宁波市,孔雀石绿,牡蛎,0.69
浙江省,舟山市,浙江省,宁波市,硝基呋喃,中华绒螯蟹,0.98
山东省,烟台市,浙江省,嘉兴市,无异常,扇贝,0.23
福建省,泉州市,上海市,上海市,无异常,青蟹,0.33
浙江省,金华市,上海市,上海市,无异常,牡蛎,0.15
浙江省,台州市,浙江省,宁波市,诺氟沙星,扇贝,0.44
浙江省,衢州市,浙江省,金华市,硝基呋喃,小黄鱼,0.59
浙江省,金华市,上海市,上海市,无异常,扇贝,0.27
江苏省,连云港市,浙江省,湖州市,无异常,青蟹,0.04
江苏省,南通市,浙江省,丽水市,重金属(镉),大黄鱼,0.6
浙江省,宁波市,浙江省,湖州市,孔雀石绿,牡蛎,0.98
浙江省,嘉兴市,浙江省,丽水市,无异常,南美白对虾,0.21
浙江省,温州市,浙江省,嘉兴市,氯霉素,带鱼,0.95
浙江省,嘉兴市,浙江省,杭州市,无异常,青蟹,0.28
浙江省,宁波市,浙江省,杭州市,五氯酚酸钠,小黄鱼,0.69
浙江省,绍兴市,上海市,上海市,无异常,小黄鱼,0.04
浙江省,宁波市,浙江省,金华市,五氯酚酸钠,扇贝,0.62
北京市,北京市,上海市,上海市,重金属(镉),带鱼,0.66
浙江省,嘉兴市,浙江省,衢州市,无异常,南美白对虾,0.12
浙江省,台州市,上海市,上海市,重金属(镉),小黄鱼,0.81
广东省,汕头市,浙江省,温州市,重金属(镉),扇贝,0.52
浙江省,宁波市,浙江省,温州市,诺氟沙星,中华绒螯蟹,0.89
浙江省,衢州市,浙江省,嘉兴市,无异常,带鱼,0.3
广东省,广州市,浙江省,湖州市,无异常,青蟹,0.27
福建省,宁德市,浙江省,湖州市,无异常,中华绒螯蟹,0.13
江苏省,南通市,浙江省,舟山市,无异常,牡蛎,0.04
山东省,威海市,上海市,上海市,无异常,中华绒螯蟹,0.15
浙江省,绍兴市,江苏省,南京市,五氯酚酸钠,南美白对虾,0.59
浙江省,宁波市,浙江省,台州市,孔雀石绿,中华绒螯蟹,0.92
浙江省,金华市,浙江省,舟山市,无异常,大黄鱼,0.1
浙江省,丽水市,浙江省,绍兴市,无异常,带鱼,0.35
浙江省,杭州市,浙江省,宁波市,无异常,大黄鱼,0.16
浙江省,湖州市,江苏省,南通市,无异常,大黄鱼,0.12
浙江省,杭州市,浙江省,舟山市,无异常,扇贝,0.31
浙江省,衢州市,浙江省,温州市,无异常,带鱼,0.22
浙江省,绍兴市,浙江省,嘉兴市,硝基呋喃,牡蛎,0.44
浙江省,嘉兴市,江苏省,南通市,无异常,小黄鱼,0.08
浙江省,绍兴市,浙江省,丽水市,无异常,青蟹,0.13
浙江省,舟山市,浙江省,温州市,五氯酚酸钠,中华绒螯蟹,0.96
上海市,上海市,浙江省,温州市,无异常,中华绒螯蟹,0.22
浙江省,丽水市,浙江省,湖州市,重金属(汞),青蟹,0.67
浙江省,杭州市,浙江省,绍兴市,无异常,小黄鱼,0.2
江苏省,南通市,上海市,上海市,无异常,大黄鱼,0.04
浙江省,丽水市,浙江省,舟山市,无异常,青蟹,0.28
浙江省,温州市,浙江省,嘉兴市,重金属(镉),南美白对虾,0.78
浙江省,宁波市,上海市,上海市,氯霉素,扇贝,0.5
浙江省,宁波市,浙江省,杭州市,孔雀石绿,带鱼,0.5
浙江省,金华市,浙江省,绍兴市,无异常,扇贝,0.2
浙江省,衢州市,浙江省,丽水市,无异常,小黄鱼,0.31
浙江省,金华市,浙江省,台州市,无异常,带鱼,0.06
上海市,上海市,浙江省,宁波市,孔雀石绿,牡蛎,0.45
浙江省,宁波市,浙江省,湖州市,孔雀石绿,大黄鱼,0.85
浙江省,台州市,浙江省,台州市,五氯酚酸钠,牡蛎,0.78
上海市,上海市,浙江省,湖州市,重金属(镉),大黄鱼,0.63
浙江省,湖州市,浙江省,温州市,无异常,南美白对虾,0.16
浙江省,舟山市,浙江省,湖州市,重金属(镉),扇贝,0.7
北京市,北京市,浙江省,杭州市,无异常,牡蛎,0.19
浙江省,金华市,浙江省,宁波市,无异常,带鱼,0.06
浙江省,金华市,浙江省,杭州市,无异常,青蟹,0.03
浙江省,湖州市,浙江省,舟山市,无异常,中华绒螯蟹,0.32
浙江省,杭州市,浙江省,台州市,无异常,小黄鱼,0.22
浙江省,衢州市,上海市,上海市,无异常,小黄鱼,0.1
福建省,泉州市,上海市,上海市,无异常,牡蛎,0.37
浙江省,温州市,浙江省,衢州市,五氯酚酸钠,南美白对虾,0.69
浙江省,绍兴市,浙江省,宁波市,无异常,扇贝,0.06
浙江省,温州市,浙江省,舟山市,重金属(镉),牡蛎,0.96
浙江省,杭州市,浙江省,温州市,无异常,青蟹,0.09
浙江省,金华市,浙江省,丽水市,无异常,牡蛎,0.29
浙江省,湖州市,浙江省,衢州市,无异常,小黄鱼,0.27
福建省,泉州市,浙江省,湖州市,重金属(汞),青蟹,0.68
浙江省,金华市,上海市,上海市,无异常,带鱼,0.14
浙江省,衢州市,浙江省,丽水市,无异常,带鱼,0.07
浙江省,丽水市,浙江省,嘉兴市,无异常,带鱼,0.3
浙江省,衢州市,江苏省,南京市,无异常,牡蛎,0.19
浙江省,湖州市,浙江省,温州市,无异常,大黄鱼,0.28
浙江省,金华市,上海市,上海市,无异常,牡蛎,0.28
浙江省,丽水市,浙江省,杭州市,氯霉素,小黄鱼,0.52
浙江省,衢州市,浙江省,杭州市,无异常,南美白对虾,0.05
浙江省,宁波市,浙江省,绍兴市,氯霉素,青蟹,0.77
浙江省,杭州市,上海市,上海市,无异常,带鱼,0.1
浙江省,嘉兴市,浙江省,金华市,无异常,小黄鱼,0.05
浙江省,绍兴市,浙江省,嘉兴市,无异常,南美白对虾,0.2
上海市,上海市,浙江省,湖州市,无异常,大黄鱼,0.05
浙江省,湖州市,浙江省,台州市,无异常,小黄鱼,0.24
北京市,北京市,上海市,上海市,无异常,中华绒螯蟹,0.02
浙江省,绍兴市,浙江省,杭州市,无异常,青蟹,0.11
浙江省,金华市,浙江省,台州市,无异常,中华绒螯蟹,0.25
浙江省,温州市,江苏省,连云港市,五氯酚酸钠,青蟹,0.99
浙江省,宁波市,浙江省,舟山市,硝基呋喃,南美白对虾,0.89
浙江省,台州市,浙江省,温州市,孔雀石绿,扇贝,0.91
浙江省,杭州市,浙江省,台州市,无异常,带鱼,0.08
浙江省,台州市,浙江省,舟山市,氯霉素,小黄鱼,0.98
浙江省,嘉兴市,浙江省,舟山市,无异常,大黄鱼,0.18
浙江省,台州市,浙江省,嘉兴市,诺氟沙星,带鱼,0.65
辽宁省,大连市,浙江省,衢州市,氯霉素,中华绒螯蟹,0.56
浙江省,杭州市,浙江省,衢州市,无异常,中华绒螯蟹,0.07
浙江省,嘉兴市,浙江省,湖州市,孔雀石绿,小黄鱼,0.5
浙江省,嘉兴市,浙江省,宁波市,无异常,牡蛎,0.18
上海市,上海市,浙江省,绍兴市,硝基呋喃,小黄鱼,0.58
浙江省,金华市,上海市,上海市,无异常,小黄鱼,0.21
浙江省,衢州市,浙江省,丽水市,无异常,小黄鱼,0.1
浙江省,金华市,江苏省,苏州市,无异常,中华绒螯蟹,0.2
浙江省,台州市,浙江省,温州市,硝基呋喃,带鱼,0.76
浙江省,金华市,浙江省,杭州市,无异常,扇贝,0.19
浙江省,嘉兴市,浙江省,温州市,无异常,青蟹,0.29
浙江省,湖州市,上海市,上海市,无异常,大黄鱼,0.05
山东省,威海市,浙江省,宁波市,氯霉素,带鱼,0.45
浙江省,温州市,浙江省,衢州市,孔雀石绿,小黄鱼,0.44
浙江省,湖州市,浙江省,温州市,无异常,带鱼,0.18
福建省,宁德市,浙江省,台州市,氯霉素,中华绒螯蟹,0.49
浙江省,舟山市,浙江省,金华市,硝基呋喃,南美白对虾,0.67
浙江省,舟山市,浙江省,嘉兴市,五氯酚酸钠,南美白对虾,0.8
浙江省,绍兴市,江苏省,南通市,无异常,牡蛎,0.12
浙江省,绍兴市,浙江省,湖州市,孔雀石绿,小黄鱼,0.56
浙江省,台州市,江苏省,南京市,硝基呋喃,小黄鱼,0.7
浙江省,宁波市,浙江省,台州市,孔雀石绿,青蟹,0.83
浙江省,舟山市,浙江省,台州市,孔雀石绿,大黄鱼,0.83
浙江省,衢州市,浙江省,嘉兴市,无异常,带鱼,0.32
浙江省,台州市,浙江省,绍兴市,氯霉素,大黄鱼,0.7
浙江省,杭州市,浙江省,湖州市,无异常,扇贝,0.13
辽宁省,盘锦市,上海市,上海市,无异常,大黄鱼,0.02
浙江省,金华市,浙江省,温州市,五氯酚酸钠,牡蛎,0.42
浙江省,杭州市,上海市,上海市,无异常,牡蛎,0.12
浙江省,绍兴市,江苏省,连云港市,无异常,牡蛎,0.36
浙江省,湖州市,浙江省,台州市,无异常,中华绒螯蟹,0.37
浙江省,杭州市,浙江省,嘉兴市,无异常,带鱼,0.2
江苏省,南京市,浙江省,丽水市,无异常,带鱼,0.04
浙江省,温州市,浙江省,嘉兴市,硝基呋喃,牡蛎,0.69
江苏省,南通市,浙江省,衢州市,无异常,大黄鱼,0.17
浙江省,舟山市,浙江省,舟山市,重金属(汞),小黄鱼,0.59
浙江省,金华市,江苏省,连云港市,无异常,青蟹,0.33
浙江省,衢州市,浙江省,丽水市,无异常,中华绒螯蟹,0.33
浙江省,金华市,浙江省,舟山市,诺氟沙星,青蟹,0.64
浙江省,宁波市,浙江省,衢州市,诺氟沙星,带鱼,0.65
辽宁省,盘锦市,浙江省,嘉兴市,无异常,青蟹,0.36
广东省,广州市,上海市,上海市,诺氟沙星,牡蛎,0.44
浙江省,湖州市,浙江省,绍兴市,无异常,带鱼,0.11
浙江省,湖州市,浙江省,杭州市,无异常,青蟹,0.07
浙江省,绍兴市,浙江省,丽水市,无异常,扇贝,0.23
浙江省,台州市,浙江省,杭州市,硝基呋喃,带鱼,0.61
浙江省,嘉兴市,浙江省,衢州市,无异常,南美白对虾,0.02
浙江省,杭州市,浙江省,舟山市,无异常,中华绒螯蟹,0.13
浙江省,宁波市,浙江省,湖州市,孔雀石绿,青蟹,0.95
浙江省,湖州市,浙江省,绍兴市,无异常,扇贝,0.17
江苏省,连云港市,浙江省,嘉兴市,无异常,牡蛎,0.09
浙江省,杭州市,浙江省,舟山市,无异常,南美白对虾,0.12
浙江省,丽水市,浙江省,杭州市,无异常,小黄鱼,0.15
浙江省,绍兴市,上海市,上海市,重金属(镉),中华绒螯蟹,0.49
浙江省,宁波市,浙江省,嘉兴市,硝基呋喃,南美白对虾,0.77
山东省,威海市,上海市,上海市,无异常,牡蛎,0.28
浙江省,舟山市,浙江省,台州市,孔雀石绿,青蟹,0.92
浙江省,宁波市,浙江省,杭州市,氯霉素,带鱼,0.7
浙江省,湖州市,江苏省,连云港市,无异常,扇贝,0.03
浙江省,丽水市,上海市,上海市,无异常,小黄鱼,0.19
北京市,北京市,上海市,上海市,无异常,青蟹,0.29
福建省,厦门市,浙江省,丽水市,无异常,青蟹,0.12
上海市,上海市,浙江省,丽水市,氯霉素,南美白对虾,0.41
浙江省,金华市,浙江省,丽水市,无异常,牡蛎,0.29
浙江省,温州市,浙江省,杭州市,重金属(汞),带鱼,0.86
北京市,北京市,上海市,上海市,氯霉素,扇贝,0.62
浙江省,丽水市,浙江省,舟山市,无异常,牡蛎,0.07
浙江省,嘉兴市,江苏省,南通市,无异常,带鱼,0.07
浙江省,台州市,浙江省,金华市,五氯酚酸钠,牡蛎,0.89
浙江省,绍兴市,浙江省,湖州市,氯霉素,中华绒螯蟹,0.41
浙江省,舟山市,浙江省,绍兴市,五氯酚酸钠,大黄鱼,0.54
浙江省,衢州市,浙江省,舟山市,无异常,南美白对虾,0.15
上海市,上海市,上海市,上海市,无异常,中华绒螯蟹,0.14
浙江省,杭州市,浙江省,湖州市,重金属(镉),扇贝,0.63
浙江省,嘉兴市,浙江省,宁波市,诺氟沙星,南美白对虾,0.47
北京市,北京市,浙江省,温州市,无异常,牡蛎,0.14
浙江省,温州市,江苏省,连云港市,氯霉素,扇贝,0.76
辽宁省,大连市,浙江省,台州市,无异常,大黄鱼,0.32
浙江省,温州市,江苏省,苏州市,诺氟沙星,中华绒螯蟹,0.63
浙江省,金华市,浙江省,嘉兴市,无异常,牡蛎,0.16
浙江省,丽水市,上海市,上海市,硝基呋喃,青蟹,0.53
浙江省,湖州市,浙江省,嘉兴市,无异常,青蟹,0.19
江苏省,连云港市,浙江省,温州市,无异常,青蟹,0.31
浙江省,嘉兴市,浙江省,舟山市,重金属(汞),中华绒螯蟹,0.53
浙江省,宁波市,浙江省,嘉兴市,孔雀石绿,扇贝,0.46
浙江省,杭州市,浙江省,衢州市,无异常,带鱼,0.27
北京市,北京市,浙江省,丽水市,无异常,带鱼,0.11
浙江省,金华市,浙江省,杭州市,孔雀石绿,带鱼,0.53
浙江省,丽水市,浙江省,绍兴市,无异常,南美白对虾,0.01
浙江省,丽水市,浙江省,舟山市,无异常,带鱼,0.34
浙江省,台州市,浙江省,舟山市,重金属(镉),青蟹,0.86
浙江省,舟山市,浙江省,湖州市,五氯酚酸钠,小黄鱼,0.97
浙江省,杭州市,上海市,上海市,无异常,牡蛎,0.31
浙江省,台州市,浙江省,杭州市,五氯酚酸钠,南美白对虾,0.83
浙江省,嘉兴市,浙江省,绍兴市,无异常,扇贝,0.14
浙江省,舟山市,浙江省,衢州市,硝基呋喃,青蟹,0.79
浙江省,嘉兴市,浙江省,台州市,无异常,扇贝,0.04
浙江省,湖州市,浙江省,丽水市,无异常,扇贝,0.22
上海市,上海市,浙江省,杭州市,无异常,牡蛎,0.05
浙江省,台州市,浙江省,绍兴市,硝基呋喃,牡蛎,0.58
浙江省,丽水市,浙江省,舟山市,无异常,扇贝,0.25
浙江省,台州市,浙江省,宁波市,重金属(镉),大黄鱼,0.77
浙江省,金华市,浙江省,杭州市,无异常,牡蛎,0.08
浙江省,舟山市,浙江省,舟山市,硝基呋喃,牡蛎,0.94
江苏省,南京市,上海市,上海市,无异常,南美白对虾,0.22
浙江省,温州市,浙江省,湖州市,氯霉素,扇贝,0.86
江苏省,苏州市,上海市,上海市,无异常,大黄鱼,0.37
浙江省,丽水市,浙江省,台州市,无异常,牡蛎,0.08
浙江省,绍兴市,浙江省,嘉兴市,无异常,小黄鱼,0.3
北京市,北京市,上海市,上海市,无异常,中华绒螯蟹,0.21
浙江省,湖州市,浙江省,衢州市,无异常,青蟹,0.19
福建省,福州市,浙江省,丽水市,无异常,带鱼,0.02
浙江省,嘉兴市,浙江省,台州市,无异常,南美白对虾,0.2
浙江省,舟山市,浙江省,金华市,氯霉素,南美白对虾,0.65
浙江省,舟山市,浙江省,舟山市,重金属(镉),青蟹,0.8
浙江省,衢州市,江苏省,南京市,无异常,青蟹,0.32
山东省,威海市,浙江省,绍兴市,重金属(汞),小黄鱼,0.64
山东省,烟台市,浙江省,温州市,重金属(镉),牡蛎,0.62
浙江省,温州市,浙江省,舟山市,氯霉素,小黄鱼,0.54
浙江省,湖州市,浙江省,温州市,五氯酚酸钠,南美白对虾,0.58
辽宁省,盘锦市,浙江省,金华市,无异常,小黄鱼,0.32
浙江省,金华市,浙江省,温州市,无异常,牡蛎,0.16
浙江省,嘉兴市,浙江省,台州市,无异常,大黄鱼,0.28
福建省,福州市,浙江省,湖州市,无异常,南美白对虾,0.31
北京市,北京市,浙江省,宁波市,氯霉素,牡蛎,0.47
浙江省,台州市,浙江省,舟山市,五氯酚酸钠,青蟹,0.76
浙江省,杭州市,浙江省,绍兴市,无异常,带鱼,0.03
浙江省,杭州市,浙江省,舟山市,无异常,小黄鱼,0.11
山东省,威海市,浙江省,衢州市,无异常,大黄鱼,0.38
浙江省,台州市,浙江省,金华市,硝基呋喃,小黄鱼,0.68
辽宁省,大连市,浙江省,嘉兴市,无异常,大黄鱼,0.08
浙江省,金华市,浙江省,衢州市,无异常,中华绒螯蟹,0.02
浙江省,温州市,浙江省,嘉兴市,氯霉素,中华绒螯蟹,0.88
浙江省,杭州市,浙江省,丽水市,硝基呋喃,南美白对虾,0.6
上海市,上海市,浙江省,丽水市,诺氟沙星,中华绒螯蟹,0.7
浙江省,湖州市,浙江省,舟山市,无异常,扇贝,0.03
浙江省,杭州市,浙江省,丽水市,无异常,扇贝,0.29
浙江省,杭州市,浙江省,舟山市,重金属(汞),扇贝,0.42
浙江省,杭州市,浙江省,湖州市,无异常,带鱼,0.11
广东省,汕头市,浙江省,温州市,无异常,青蟹,0.26
浙江省,台州市,浙江省,台州市,五氯酚酸钠,带鱼,0.83
浙江省,台州市,浙江省,温州市,硝基呋喃,南美白对虾,0.51
浙江省,舟山市,浙江省,嘉兴市,重金属(镉),扇贝,0.78
浙江省,湖州市,浙江省,衢州市,无异常,南美白对虾,0.16
浙江省,湖州市,上海市,上海市,重金属(镉),带鱼,0.67
浙江省,舟山市,上海市,上海市,重金属(汞),中华绒螯蟹,0.67
浙江省,舟山市,浙江省,嘉兴市,硝基呋喃,小黄鱼,0.49
浙江省,杭州市,上海市,上海市,无异常,牡蛎,0.27
浙江省,舟山市,浙江省,绍兴市,氯霉素,小黄鱼,0.94
浙江省,湖州市,江苏省,南京市,无异常,中华绒螯蟹,0.35
浙江省,衢州市,浙江省,温州市,无异常,青蟹,0.31
浙江省,衢州市,浙江省,绍兴市,无异常,青蟹,0.1
浙江省,舟山市,浙江省,嘉兴市,诺氟沙星,大黄鱼,0.67
浙江省,衢州市,浙江省,宁波市,无异常,扇贝,0.27
浙江省,衢州市,浙江省,丽水市,无异常,扇贝,0.09
江苏省,南通市,浙江省,湖州市,无异常,中华绒螯蟹,0.23
浙江省,绍兴市,上海市,上海市,诺氟沙星,中华绒螯蟹,0.41
浙江省,金华市,浙江省,湖州市,诺氟沙星,牡蛎,0.62
浙江省,杭州市,浙江省,温州市,诺氟沙星,青蟹,0.44
浙江省,杭州市,浙江省,湖州市,无异常,小黄鱼,0.31
浙江省,绍兴市,浙江省,温州市,无异常,小黄鱼,0.23
浙江省,湖州市,浙江省,丽水市,无异常,大黄鱼,0.25
浙江省,宁波市,浙江省,丽水市,硝基呋喃,南美白对虾,0.87
浙江省,衢州市,浙江省,嘉兴市,无异常,中华绒螯蟹,0.15
浙江省,杭州市,上海市,上海市,无异常,青蟹,0.15
浙江省,绍兴市,浙江省,嘉兴市,诺氟沙星,牡蛎,0.65
浙江省,宁波市,江苏省,连云港市,硝基呋喃,大黄鱼,0.49
浙江省,金华市,江苏省,苏州市,氯霉素,中华绒螯蟹,0.57
浙江省,丽水市,浙江省,杭州市,氯霉素,牡蛎,0.41
浙江省,台州市,江苏省,连云港市,重金属(汞),大黄鱼,0.96
浙江省,台州市,浙江省,丽水市,氯霉素,小黄鱼,0.9
浙江省,衢州市,浙江省,绍兴市,硝基呋喃,中华绒螯蟹,0.67
浙江省,金华市,浙江省,温州市,无异常,大黄鱼,0.02
浙江省,温州市,浙江省,嘉兴市,五氯酚酸钠,小黄鱼,0.91
浙江省,杭州市,浙江省,金华市,无异常,南美白对虾,0.33
广东省,湛江市,浙江省,丽水市,硝基呋喃,大黄鱼,0.74
浙江省,丽水市,浙江省,舟山市,无异常,青蟹,0.33
浙江省,金华市,上海市,上海市,无异常,带鱼,0.14
浙江省,绍兴市,上海市,上海市,无异常,小黄鱼,0.13
浙江省,金华市,浙江省,绍兴市,无异常,带鱼,0.07
上海市,上海市,上海市,上海市,无异常,大黄鱼,0.3
福建省,泉州市,浙江省,台州市,无异常,小黄鱼,0.03
江苏省,连云港市,浙江省,湖州市,无异常,青蟹,0.36
福建省,厦门市,上海市,上海市,无异常,带鱼,0.08
浙江省,台州市,江苏省,南通市,氯霉素,带鱼,0.92
上海市,上海市,浙江省,舟山市,硝基呋喃,中华绒螯蟹,0.56
广东省,深圳市,浙江省,绍兴市,无异常,南美白对虾,0.3
浙江省,绍兴市,江苏省,南通市,重金属(镉),大黄鱼,0.44
浙江省,绍兴市,上海市,上海市,硝基呋喃,扇贝,0.43
浙江省,杭州市,浙江省,杭州市,无异常,小黄鱼,0.04
福建省,厦门市,浙江省,宁波市,五氯酚酸钠,中华绒螯蟹,0.67
浙江省,金华市,浙江省,台州市,孔雀石绿,牡蛎,0.58
浙江省,台州市,浙江省,杭州市,诺氟沙星,带鱼,0.48
浙江省,绍兴市,浙江省,宁波市,无异常,小黄鱼,0.25
浙江省,宁波市,浙江省,舟山市,诺氟沙星,中华绒螯蟹,0.93
浙江省,舟山市,浙江省,台州市,重金属(镉),小黄鱼,0.8
浙江省,衢州市,浙江省,宁波市,无异常,中华绒螯蟹,0.35
浙江省,温州市,浙江省,绍兴市,重金属(镉),中华绒螯蟹,0.77
浙江省,杭州市,浙江省,绍兴市,无异常,大黄鱼,0.28
山东省,日照市,上海市,上海市,无异常,牡蛎,0.02
浙江省,台州市,浙江省,衢州市,孔雀石绿,中华绒螯蟹,0.62
浙江省,杭州市,浙江省,舟山市,无异常,青蟹,0.14
北京市,北京市,上海市,上海市,无异常,扇贝,0.25
浙江省,湖州市,浙江省,湖州市,无异常,大黄鱼,0.14
浙江省,台州市,浙江省,金华市,孔雀石绿,扇贝,0.82
浙江省,衢州市,浙江省,丽水市,无异常,带鱼,0.13
浙江省,温州市,浙江省,湖州市,诺氟沙星,牡蛎,0.63
浙江省,杭州市,浙江省,衢州市,无异常,中华绒螯蟹,0.05
浙江省,湖州市,浙江省,宁波市,无异常,中华绒螯蟹,0.28
浙江省,绍兴市,江苏省,南京市,无异常,小黄鱼,0.14
辽宁省,盘锦市,浙江省,温州市,无异常,青蟹,0.18
浙江省,杭州市,浙江省,温州市,无异常,青蟹,0.21
浙江省,舟山市,浙江省,绍兴市,重金属(汞),牡蛎,0.95
浙江省,宁波市,浙江省,湖州市,诺氟沙星,青蟹,0.52
浙江省,湖州市,浙江省,丽水市,无异常,扇贝,0.25
浙江省,金华市,浙江省,宁波市,无异常,小黄鱼,0.02
浙江省,衢州市,浙江省,杭州市,无异常,大黄鱼,0.02
辽宁省,盘锦市,上海市,上海市,无异常,青蟹,0.17
福建省,宁德市,浙江省,湖州市,无异常,带鱼,0.04
浙江省,杭州市,浙江省,嘉兴市,无异常,扇贝,0.34
浙江省,宁波市,浙江省,丽水市,氯霉素,大黄鱼,0.78
浙江省,丽水市,浙江省,温州市,无异常,带鱼,0.05
浙江省,嘉兴市,浙江省,湖州市,重金属(镉),南美白对虾,0.61
浙江省,嘉兴市,浙江省,台州市,无异常,牡蛎,0.24
浙江省,杭州市,浙江省,温州市,无异常,小黄鱼,0.09
浙江省,嘉兴市,浙江省,杭州市,无异常,扇贝,0.03
浙江省,台州市,浙江省,湖州市,诺氟沙星,青蟹,0.78
浙江省,台州市,浙江省,舟山市,硝基呋喃,带鱼,0.99
浙江省,宁波市,浙江省,台州市,孔雀石绿,中华绒螯蟹,0.92
浙江省,舟山市,浙江省,衢州市,重金属(汞),大黄鱼,0.94
浙江省,台州市,浙江省,杭州市,孔雀石绿,大黄鱼,0.84
浙江省,湖州市,浙江省,温州市,五氯酚酸钠,小黄鱼,0.57
浙江省,舟山市,江苏省,苏州市,硝基呋喃,扇贝,0.93
浙江省,丽水市,浙江省,衢州市,无异常,小黄鱼,0.14
浙江省,丽水市,上海市,上海市,无异常,中华绒螯蟹,0.09
浙江省,温州市,浙江省,宁波市,重金属(镉),牡蛎,0.61
浙江省,嘉兴市,浙江省,台州市,无异常,中华绒螯蟹,0.03
浙江省,宁波市,浙江省,金华市,重金属(镉),南美白对虾,0.93
浙江省,衢州市,浙江省,舟山市,无异常,扇贝,0.34
北京市,北京市,浙江省,丽水市,无异常,青蟹,0.16
浙江省,绍兴市,浙江省,丽水市,重金属(汞),南美白对虾,0.47
浙江省,台州市,浙江省,杭州市,重金属(镉),小黄鱼,0.71
北京市,北京市,上海市,上海市,无异常,小黄鱼,0.19
浙江省,金华市,浙江省,宁波市,无异常,青蟹,0.21
浙江省,衢州市,浙江省,金华市,无异常,带鱼,0.22
山东省,威海市,浙江省,宁波市,无异常,大黄鱼,0.28
浙江省,丽水市,浙江省,温州市,无异常,小黄鱼,0.32
浙江省,杭州市,上海市,上海市,无异常,大黄鱼,0.27
浙江省,丽水市,浙江省,绍兴市,无异常,南美白对虾,0.24
浙江省,金华市,浙江省,丽水市,无异常,青蟹,0.18
浙江省,嘉兴市,江苏省,连云港市,无异常,青蟹,0.3
浙江省,杭州市,浙江省,台州市,无异常,扇贝,0.33
浙江省,温州市,浙江省,绍兴市,重金属(镉),带鱼,0.62
浙江省,金华市,浙江省,丽水市,无异常,大黄鱼,0.29
福建省,福州市,浙江省,丽水市,重金属(汞),大黄鱼,0.54
浙江省,金华市,浙江省,嘉兴市,无异常,大黄鱼,0.24
浙江省,嘉兴市,浙江省,衢州市,重金属(镉),小黄鱼,0.57
浙江省,嘉兴市,江苏省,苏州市,重金属(汞),青蟹,0.62
浙江省,舟山市,浙江省,湖州市,孔雀石绿,小黄鱼,0.97
福建省,厦门市,浙江省,舟山市,无异常,带鱼,0.2
山东省,青岛市,浙江省,舟山市,诺氟沙星,南美白对虾,0.94
北京市,北京市,上海市,上海市,硝基呋喃,大黄鱼,0.69
浙江省,舟山市,浙江省,温州市,孔雀石绿,小黄鱼,0.92
江苏省,南通市,上海市,上海市,诺氟沙星,牡蛎,0.43
浙江省,宁波市,江苏省,苏州市,重金属(汞),小黄鱼,0.53
浙江省,金华市,浙江省,宁波市,无异常,青蟹,0.26
浙江省,杭州市,浙江省,湖州市,无异常,南美白对虾,0.07
浙江省,绍兴市,浙江省,丽水市,重金属(镉),中华绒螯蟹,0.55
浙江省,金华市,上海市,上海市,无异常,牡蛎,0.27
浙江省,金华市,浙江省,台州市,无异常,南美白对虾,0.33
浙江省,湖州市,浙江省,丽水市,无异常,小黄鱼,0.06
浙江省,杭州市,浙江省,湖州市,无异常,带鱼,0.18
北京市,北京市,浙江省,湖州市,无异常,小黄鱼,0.24
浙江省,丽水市,浙江省,衢州市,无异常,小黄鱼,0.18
浙江省,温州市,上海市,上海市,孔雀石绿,带鱼,0.65
浙江省,温州市,浙江省,丽水市,重金属(镉),南美白对虾,0.86
浙江省,衢州市,上海市,上海市,五氯酚酸钠,中华绒螯蟹,0.45
浙江省,绍兴市,上海市,上海市,氯霉素,带鱼,0.64
浙江省,丽水市,浙江省,嘉兴市,无异常,小黄鱼,0.04
浙江省,嘉兴市,上海市,上海市,无异常,南美白对虾,0.34
福建省,泉州市,浙江省,宁波市,无异常,青蟹,0.32
北京市,北京市,浙江省,金华市,无异常,青蟹,0.11
浙江省,台州市,江苏省,苏州市,诺氟沙星,青蟹,0.85
浙江省,绍兴市,浙江省,宁波市,重金属(汞),大黄鱼,0.45
浙江省,宁波市,浙江省,温州市,五氯酚酸钠,南美白对虾,0.66
浙江省,湖州市,上海市,上海市,无异常,牡蛎,0.08
广东省,湛江市,上海市,上海市,诺氟沙星,小黄鱼,0.65
浙江省,温州市,浙江省,衢州市,重金属(汞),扇贝,0.67
山东省,青岛市,上海市,上海市,重金属(镉),中华绒螯蟹,0.92
浙江省,台州市,浙江省,金华市,硝基呋喃,南美白对虾,0.9
浙江省,台州市,江苏省,南京市,硝基呋喃,带鱼,0.89
浙江省,湖州市,浙江省,温州市,无异常,大黄鱼,0.36
浙江省,丽水市,浙江省,湖州市,无异常,南美白对虾,0.27
北京市,北京市,浙江省,丽水市,无异常,带鱼,0.25
浙江省,湖州市,浙江省,温州市,无异常,青蟹,0.05
浙江省,舟山市,江苏省,南京市,硝基呋喃,中华绒螯蟹,0.72
浙江省,杭州市,浙江省,杭州市,五氯酚酸钠,牡蛎,0.57
北京市,北京市,浙江省,台州市,无异常,扇贝,0.1
浙江省,湖州市,江苏省,苏州市,无异常,大黄鱼,0.28
浙江省,宁波市,浙江省,绍兴市,重金属(镉),中华绒螯蟹,0.67
浙江省,台州市,江苏省,南通市,孔雀石绿,牡蛎,0.56
福建省,泉州市,浙江省,丽水市,硝基呋喃,牡蛎,0.59
浙江省,杭州市,浙江省,湖州市,无异常,南美白对虾,0.23
江苏省,南京市,上海市,上海市,无异常,青蟹,0.26
福建省,宁德市,浙江省,丽水市,诺氟沙星,中华绒螯蟹,0.49
浙江省,杭州市,浙江省,温州市,无异常,中华绒螯蟹,0.3
北京市,北京市,浙江省,衢州市,无异常,扇贝,0.13
北京市,北京市,浙江省,温州市,无异常,青蟹,0.02
浙江省,衢州市,浙江省,杭州市,无异常,扇贝,0.27
浙江省,台州市,浙江省,衢州市,氯霉素,南美白对虾,0.9
浙江省,温州市,江苏省,南京市,重金属(镉),青蟹,0.43
浙江省,台州市,浙江省,舟山市,五氯酚酸钠,大黄鱼,0.61
山东省,日照市,浙江省,金华市,无异常,带鱼,0.33
北京市,北京市,浙江省,杭州市,无异常,牡蛎,0.08
浙江省,湖州市,浙江省,丽水市,硝基呋喃,扇贝,0.67
浙江省,宁波市,浙江省,台州市,五氯酚酸钠,青蟹,0.57
江苏省,南通市,浙江省,金华市,孔雀石绿,小黄鱼,0.5
浙江省,湖州市,浙江省,绍兴市,无异常,牡蛎,0.17
浙江省,嘉兴市,浙江省,温州市,无异常,扇贝,0.11
浙江省,宁波市,浙江省,衢州市,重金属(镉),大黄鱼,0.66
浙江省,衢州市,浙江省,金华市,无异常,南美白对虾,0.11
浙江省,舟山市,浙江省,宁波市,重金属(镉),扇贝,0.62
浙江省,衢州市,浙江省,湖州市,无异常,扇贝,0.27
浙江省,嘉兴市,江苏省,南京市,无异常,牡蛎,0.31
浙江省,宁波市,浙江省,杭州市,五氯酚酸钠,小黄鱼,0.95
山东省,威海市,浙江省,温州市,无异常,大黄鱼,0.36
浙江省,金华市,浙江省,杭州市,无异常,扇贝,0.02
浙江省,舟山市,上海市,上海市,硝基呋喃,中华绒螯蟹,0.55
浙江省,宁波市,浙江省,衢州市,氯霉素,青蟹,0.76
浙江省,嘉兴市,浙江省,舟山市,无异常,中华绒螯蟹,0.01
浙江省,丽水市,浙江省,舟山市,无异常,小黄鱼,0.33
浙江省,台州市,浙江省,衢州市,五氯酚酸钠,中华绒螯蟹,0.51
浙江省,台州市,浙江省,杭州市,五氯酚酸钠,小黄鱼,0.94
浙江省,宁波市,浙江省,台州市,重金属(汞),牡蛎,0.54
浙江省,台州市,浙江省,衢州市,孔雀石绿,扇贝,0.93
浙江省,衢州市,浙江省,舟山市,无异常,扇贝,0.17
浙江省,台州市,上海市,上海市,诺氟沙星,青蟹,0.6
浙江省,丽水市,浙江省,宁波市,无异常,中华绒螯蟹,0.31
辽宁省,盘锦市,上海市,上海市,无异常,扇贝,0.09
浙江省,嘉兴市,浙江省,温州市,无异常,扇贝,0.15
浙江省,舟山市,浙江省,温州市,硝基呋喃,青蟹,0.83
北京市,北京市,浙江省,台州市,无异常,牡蛎,0.17
浙江省,湖州市,浙江省,杭州市,氯霉素,牡蛎,0.64
浙江省,杭州市,浙江省,金华市,无异常,青蟹,0.13
浙江省,丽水市,浙江省,宁波市,无异常,南美白对虾,0.05
浙江省,湖州市,浙江省,丽水市,无异常,牡蛎,0.24
浙江省,台州市,浙江省,丽水市,氯霉素,小黄鱼,0.91
浙江省,金华市,浙江省,丽水市,无异常,牡蛎,0.13
福建省,厦门市,浙江省,台州市,无异常,中华绒螯蟹,0.31
浙江省,丽水市,浙江省,绍兴市,无异常,扇贝,0.32
浙江省,金华市,浙江省,台州市,无异常,青蟹,0.32
浙江省,嘉兴市,浙江省,金华市,无异常,牡蛎,0.04
广东省,汕头市,浙江省,嘉兴市,无异常,带鱼,0.15
浙江省,台州市,浙江省,温州市,重金属(汞),中华绒螯蟹,0.67
浙江省,绍兴市,浙江省,衢州市,无异常,中华绒螯蟹,0.33
浙江省,舟山市,浙江省,嘉兴市,氯霉素,南美白对虾,0.85
浙江省,金华市,江苏省,南京市,无异常,小黄鱼,0.16
浙江省,金华市,江苏省,连云港市,无异常,南美白对虾,0.17
浙江省,宁波市,浙江省,杭州市,重金属(汞),大黄鱼,0.7
浙江省,宁波市,浙江省,丽水市,孔雀石绿,中华绒螯蟹,0.86
浙江省,湖州市,浙江省,宁波市,无异常,南美白对虾,0.2
浙江省,宁波市,浙江省,嘉兴市,诺氟沙星,南美白对虾,0.83
浙江省,绍兴市,浙江省,宁波市,氯霉素,牡蛎,0.69
浙江省,舟山市,浙江省,湖州市,重金属(镉),扇贝,0.53
浙江省,杭州市,浙江省,温州市,无异常,牡蛎,0.34
浙江省,台州市,浙江省,杭州市,硝基呋喃,带鱼,0.95
浙江省,丽水市,浙江省,衢州市,无异常,小黄鱼,0.25
浙江省,舟山市,浙江省,衢州市,孔雀石绿,青蟹,0.67
浙江省,嘉兴市,浙江省,台州市,无异常,扇贝,0.27
浙江省,温州市,浙江省,金华市,诺氟沙星,中华绒螯蟹,0.52
浙江省,舟山市,上海市,上海市,硝基呋喃,中华绒螯蟹,0.91
浙江省,绍兴市,浙江省,丽水市,无异常,扇贝,0.37
浙江省,衢州市,浙江省,湖州市,无异常,牡蛎,0.06
浙江省,金华市,浙江省,嘉兴市,无异常,小黄鱼,0.13
浙江省,湖州市,浙江省,舟山市,无异常,扇贝,0.36
浙江省,湖州市,浙江省,宁波市,无异常,牡蛎,0.3
浙江省,湖州市,江苏省,南京市,五氯酚酸钠,青蟹,0.51
浙江省,衢州市,浙江省,金华市,硝基呋喃,南美白对虾,0.51
辽宁省,盘锦市,上海市,上海市,孔雀石绿,牡蛎,0.57
浙江省,金华市,浙江省,温州市,无异常,带鱼,0.13
浙江省,丽水市,浙江省,湖州市,诺氟沙星,中华绒螯蟹,0.6
浙江省,宁波市,上海市,上海市,重金属(镉),中华绒螯蟹,0.68
江苏省,南通市,浙江省,衢州市,无异常,青蟹,0.11
浙江省,湖州市,浙江省,衢州市,无异常,小黄鱼,0.14
浙江省,舟山市,浙江省,温州市,孔雀石绿,小黄鱼,0.78
浙江省,杭州市,浙江省,绍兴市,无异常,南美白对虾,0.05
福建省,泉州市,上海市,上海市,诺氟沙星,南美白对虾,0.43
广东省,汕头市,浙江省,温州市,无异常,中华绒螯蟹,0.14
浙江省,金华市,浙江省,金华市,无异常,带鱼,0.24
浙江省,嘉兴市,上海市,上海市,无异常,小黄鱼,0.09
浙江省,湖州市,浙江省,台州市,重金属(汞),南美白对虾,0.59
上海市,上海市,浙江省,衢州市,无异常,中华绒螯蟹,0.13
浙江省,嘉兴市,浙江省,湖州市,无异常,牡蛎,0.12
浙江省,绍兴市,浙江省,金华市,无异常,中华绒螯蟹,0.39
上海市,上海市,上海市,上海市,无异常,牡蛎,0.11
浙江省,宁波市,江苏省,苏州市,氯霉素,扇贝,0.95
辽宁省,盘锦市,上海市,上海市,无异常,青蟹,0.17
浙江省,湖州市,浙江省,金华市,无异常,青蟹,0.39
浙江省,绍兴市,上海市,上海市,诺氟沙星,带鱼,0.52
浙江省,舟山市,浙江省,台州市,重金属(汞),青蟹,0.88
浙江省,杭州市,浙江省,衢州市,无异常,中华绒螯蟹,0.2
山东省,青岛市,上海市,上海市,五氯酚酸钠,南美白对虾,0.66
浙江省,金华市,浙江省,杭州市,无异常,小黄鱼,0.22
浙江省,温州市,浙江省,宁波市,重金属(镉),中华绒螯蟹,0.69
浙江省,湖州市,浙江省,台州市,无异常,带鱼,0.02
广东省,深圳市,上海市,上海市,孔雀石绿,扇贝,0.46
浙江省,杭州市,浙江省,舟山市,无异常,青蟹,0.26
浙江省,舟山市,浙江省,湖州市,诺氟沙星,南美白对虾,0.7
浙江省,嘉兴市,浙江省,舟山市,无异常,青蟹,0.16
浙江省,金华市,浙江省,湖州市,无异常,青蟹,0.29
浙江省,嘉兴市,浙江省,衢州市,无异常,南美白对虾,0.26
广东省,汕头市,浙江省,衢州市,重金属(汞),中华绒螯蟹,0.44
上海市,上海市,浙江省,金华市,无异常,南美白对虾,0.14
浙江省,舟山市,浙江省,杭州市,五氯酚酸钠,大黄鱼,0.83
浙江省,绍兴市,浙江省,丽水市,无异常,中华绒螯蟹,0.16
广东省,汕头市,浙江省,温州市,重金属(汞),中华绒螯蟹,0.47
浙江省,金华市,浙江省,金华市,无异常,大黄鱼,0.27
浙江省,绍兴市,浙江省,宁波市,无异常,青蟹,0.35
浙江省,金华市,浙江省,绍兴市,无异常,中华绒螯蟹,0.15
广东省,湛江市,浙江省,湖州市,重金属(汞),青蟹,0.51
山东省,青岛市,浙江省,温州市,孔雀石绿,南美白对虾,0.92
浙江省,金华市,上海市,上海市,无异常,小黄鱼,0.14
浙江省,台州市,上海市,上海市,硝基呋喃,带鱼,0.63
广东省,广州市,上海市,上海市,无异常,青蟹,0.3
浙江省,宁波市,上海市,上海市,五氯酚酸钠,大黄鱼,0.8
浙江省,台州市,浙江省,丽水市,硝基呋喃,南美白对虾,0.89
浙江省,舟山市,浙江省,杭州市,硝基呋喃,南美白对虾,0.85
浙江省,金华市,浙江省,宁波市,无异常,扇贝,0.28
浙江省,绍兴市,浙江省,绍兴市,诺氟沙星,南美白对虾,0.69
辽宁省,大连市,浙江省,金华市,重金属(镉),南美白对虾,0.46
辽宁省,盘锦市,浙江省,温州市,无异常,带鱼,0.39
浙江省,宁波市,浙江省,衢州市,硝基呋喃,青蟹,0.86
江苏省,苏州市,浙江省,台州市,无异常,牡蛎,0.01
浙江省,舟山市,上海市,上海市,重金属(镉),中华绒螯蟹,0.63
浙江省,湖州市,浙江省,嘉兴市,无异常,小黄鱼,0.24
北京市,北京市,浙江省,温州市,无异常,中华绒螯蟹,0.2
浙江省,舟山市,浙江省,嘉兴市,硝基呋喃,扇贝,0.49
山东省,烟台市,上海市,上海市,重金属(汞),小黄鱼,0.61
浙江省,金华市,浙江省,温州市,无异常,中华绒螯蟹,0.09
浙江省,嘉兴市,浙江省,台州市,硝基呋喃,扇贝,0.51
浙江省,湖州市,浙江省,丽水市,无异常,大黄鱼,0.07
浙江省,衢州市,浙江省,金华市,五氯酚酸钠,南美白对虾,0.69
浙江省,衢州市,浙江省,杭州市,诺氟沙星,南美白对虾,0.5
浙江省,杭州市,浙江省,绍兴市,无异常,扇贝,0.29
福建省,福州市,浙江省,湖州市,诺氟沙星,中华绒螯蟹,0.47
浙江省,宁波市,浙江省,宁波市,氯霉素,带鱼,0.45
浙江省,嘉兴市,浙江省,台州市,无异常,带鱼,0.38
浙江省,金华市,浙江省,嘉兴市,无异常,大黄鱼,0.15
辽宁省,大连市,浙江省,衢州市,孔雀石绿,大黄鱼,0.63
浙江省,宁波市,浙江省,金华市,五氯酚酸钠,带鱼,0.63
浙江省,舟山市,浙江省,丽水市,硝基呋喃,青蟹,0.79
浙江省,湖州市,上海市,上海市,无异常,中华绒螯蟹,0.3
浙江省,丽水市,浙江省,台州市,无异常,中华绒螯蟹,0.19
浙江省,绍兴市,江苏省,连云港市,无异常,中华绒螯蟹,0.35
浙江省,湖州市,浙江省,嘉兴市,无异常,大黄鱼,0.28
浙江省,舟山市,浙江省,温州市,重金属(汞),南美白对虾,0.94
浙江省,嘉兴市,浙江省,丽水市,无异常,大黄鱼,0.16
浙江省,台州市,浙江省,丽水市,孔雀石绿,青蟹,0.64
浙江省,舟山市,浙江省,绍兴市,氯霉素,南美白对虾,0.92
浙江省,嘉兴市,浙江省,绍兴市,无异常,带鱼,0.08
浙江省,温州市,浙江省,舟山市,重金属(汞),扇贝,0.57
浙江省,台州市,浙江省,衢州市,五氯酚酸钠,大黄鱼,0.66
浙江省,温州市,浙江省,舟山市,孔雀石绿,扇贝,0.76
福建省,泉州市,上海市,上海市,无异常,青蟹,0.3
浙江省,绍兴市,浙江省,丽水市,无异常,大黄鱼,0.06
浙江省,丽水市,上海市,上海市,无异常,南美白对虾,0.17
浙江省,金华市,浙江省,台州市,重金属(镉),南美白对虾,0.62
广东省,湛江市,上海市,上海市,硝基呋喃,扇贝,0.73
浙江省,嘉兴市,浙江省,杭州市,无异常,大黄鱼,0.3
浙江省,金华市,浙江省,绍兴市,无异常,牡蛎,0.21
浙江省,宁波市,浙江省,金华市,重金属(镉),牡蛎,0.86
浙江省,绍兴市,浙江省,嘉兴市,无异常,扇贝,0.33
浙江省,杭州市,浙江省,湖州市,无异常,南美白对虾,0.23
福建省,福州市,浙江省,衢州市,无异常,带鱼,0.17
浙江省,台州市,浙江省,宁波市,重金属(镉),扇贝,0.9
浙江省,湖州市,浙江省,绍兴市,诺氟沙星,中华绒螯蟹,0.48
浙江省,湖州市,浙江省,台州市,无异常,南美白对虾,0.37
浙江省,金华市,浙江省,绍兴市,无异常,青蟹,0.31
浙江省,衢州市,浙江省,丽水市,无异常,大黄鱼,0.35
浙江省,金华市,浙江省,嘉兴市,无异常,青蟹,0.35
浙江省,宁波市,浙江省,嘉兴市,诺氟沙星,小黄鱼,0.84
广东省,汕头市,浙江省,舟山市,五氯酚酸钠,中华绒螯蟹,0.54
浙江省,湖州市,浙江省,台州市,无异常,小黄鱼,0.34
浙江省,丽水市,浙江省,宁波市,无异常,青蟹,0.22
山东省,日照市,浙江省,宁波市,无异常,带鱼,0.32
江苏省,连云港市,浙江省,金华市,无异常,南美白对虾,0.37
广东省,广州市,浙江省,金华市,重金属(镉),青蟹,0.62
浙江省,绍兴市,上海市,上海市,无异常,大黄鱼,0.17
辽宁省,大连市,浙江省,金华市,无异常,大黄鱼,0.27
浙江省,嘉兴市,浙江省,杭州市,硝基呋喃,青蟹,0.41
浙江省,绍兴市,浙江省,衢州市,无异常,青蟹,0.24
浙江省,绍兴市,浙江省,温州市,无异常,南美白对虾,0.11
浙江省,宁波市,江苏省,苏州市,五氯酚酸钠,带鱼,0.58
上海市,上海市,浙江省,嘉兴市,重金属(镉),牡蛎,0.49
浙江省,金华市,浙江省,丽水市,五氯酚酸钠,带鱼,0.41
山东省,烟台市,浙江省,杭州市,诺氟沙星,中华绒螯蟹,0.45
浙江省,杭州市,浙江省,杭州市,无异常,带鱼,0.18
浙江省,丽水市,江苏省,南通市,无异常,大黄鱼,0.07
浙江省,丽水市,浙江省,衢州市,无异常,大黄鱼,0.19
浙江省,宁波市,浙江省,杭州市,氯霉素,大黄鱼,0.42
浙江省,杭州市,上海市,上海市,无异常,中华绒螯蟹,0.22
浙江省,丽水市,浙江省,杭州市,无异常,南美白对虾,0.24
浙江省,金华市,浙江省,金华市,无异常,牡蛎,0.3
浙江省,嘉兴市,浙江省,温州市,硝基呋喃,大黄鱼,0.67
浙江省,舟山市,浙江省,台州市,重金属(汞),带鱼,0.92
浙江省,丽水市,浙江省,丽水市,孔雀石绿,小黄鱼,0.5
浙江省,绍兴市,浙江省,湖州市,无异常,大黄鱼,0.29
浙江省,舟山市,浙江省,金华市,五氯酚酸钠,小黄鱼,0.73
广东省,汕头市,浙江省,杭州市,无异常,南美白对虾,0.33
浙江省,温州市,浙江省,金华市,诺氟沙星,大黄鱼,0.79
浙江省,丽水市,浙江省,金华市,无异常,小黄鱼,0.06
浙江省,金华市,浙江省,舟山市,氯霉素,南美白对虾,0.55
浙江省,杭州市,浙江省,宁波市,无异常,中华绒螯蟹,0.13
山东省,青岛市,浙江省,温州市,重金属(汞),带鱼,0.83
北京市,北京市,上海市,上海市,重金属(镉),青蟹,0.51
浙江省,舟山市,浙江省,绍兴市,重金属(汞),大黄鱼,0.49
福建省,宁德市,浙江省,金华市,无异常,大黄鱼,0.1
浙江省,金华市,浙江省,宁波市,无异常,中华绒螯蟹,0.27
浙江省,温州市,浙江省,丽水市,诺氟沙星,大黄鱼,0.86
浙江省,杭州市,江苏省,南通市,无异常,小黄鱼,0.32
浙江省,舟山市,浙江省,嘉兴市,孔雀石绿,中华绒螯蟹,0.6
浙江省,丽水市,浙江省,绍兴市,无异常,大黄鱼,0.28
山东省,烟台市,上海市,上海市,无异常,小黄鱼,0.23
浙江省,杭州市,上海市,上海市,无异常,带鱼,0.11
浙江省,台州市,浙江省,舟山市,硝基呋喃,带鱼,0.58
广东省,广州市,浙江省,湖州市,无异常,中华绒螯蟹,0.39
北京市,北京市,上海市,上海市,无异常,南美白对虾,0.06
浙江省,绍兴市,浙江省,舟山市,重金属(镉),青蟹,0.64
浙江省,杭州市,浙江省,温州市,无异常,南美白对虾,0.26
浙江省,湖州市,浙江省,金华市,无异常,扇贝,0.16
浙江省,湖州市,浙江省,宁波市,无异常,扇贝,0.38
浙江省,宁波市,浙江省,绍兴市,孔雀石绿,扇贝,0.67
浙江省,丽水市,浙江省,温州市,无异常,小黄鱼,0.14
浙江省,湖州市,江苏省,连云港市,重金属(镉),中华绒螯蟹,0.6
浙江省,舟山市,浙江省,嘉兴市,氯霉素,南美白对虾,0.94
浙江省,宁波市,浙江省,绍兴市,五氯酚酸钠,带鱼,0.88
浙江省,杭州市,浙江省,衢州市,五氯酚酸钠,青蟹,0.46
浙江省,嘉兴市,浙江省,丽水市,无异常,带鱼,0.03
浙江省,丽水市,上海市,上海市,无异常,带鱼,0.26
浙江省,台州市,浙江省,衢州市,硝基呋喃,青蟹,0.95
浙江省,杭州市,浙江省,丽水市,无异常,牡蛎,0.3
浙江省,丽水市,浙江省,嘉兴市,无异常,中华绒螯蟹,0.34
浙江省,台州市,江苏省,连云港市,孔雀石绿,小黄鱼,0.97
山东省,烟台市,上海市,上海市,无异常,青蟹,0.27
浙江省,温州市,上海市,上海市,诺氟沙星,青蟹,0.51
广东省,广州市,浙江省,杭州市,诺氟沙星,带鱼,0.48
浙江省,舟山市,浙江省,台州市,氯霉素,扇贝,0.58
江苏省,苏州市,上海市,上海市,无异常,扇贝,0.01
浙江省,杭州市,江苏省,连云港市,无异常,带鱼,0.06
浙江省,舟山市,浙江省,湖州市,重金属(汞),青蟹,0.73
浙江省,宁波市,浙江省,舟山市,重金属(汞),小黄鱼,0.93
浙江省,金华市,浙江省,湖州市,无异常,青蟹,0.16
浙江省,温州市,浙江省,绍兴市,孔雀石绿,南美白对虾,0.9
浙江省,丽水市,浙江省,湖州市,孔雀石绿,扇贝,0.45
北京市,北京市,浙江省,绍兴市,无异常,南美白对虾,0.12
浙江省,绍兴市,浙江省,衢州市,无异常,小黄鱼,0.27
江苏省,苏州市,浙江省,湖州市,无异常,青蟹,0.17
北京市,北京市,浙江省,嘉兴市,无异常,带鱼,0.23
辽宁省,盘锦市,上海市,上海市,无异常,大黄鱼,0.32
浙江省,丽水市,浙江省,杭州市,氯霉素,南美白对虾,0.45
浙江省,温州市,浙江省,台州市,孔雀石绿,牡蛎,0.63
浙江省,绍兴市,浙江省,丽水市,氯霉素,中华绒螯蟹,0.53
浙江省,湖州市,浙江省,温州市,无异常,扇贝,0.1
浙江省,湖州市,浙江省,杭州市,重金属(镉),青蟹,0.59
浙江省,杭州市,浙江省,绍兴市,无异常,青蟹,0.16
山东省,威海市,浙江省,温州市,重金属(镉),青蟹,0.44
浙江省,嘉兴市,浙江省,湖州市,无异常,南美白对虾,0.09
浙江省,丽水市,浙江省,湖州市,无异常,中华绒螯蟹,0.17
浙江省,杭州市,浙江省,嘉兴市,无异常,南美白对虾,0.02
浙江省,湖州市,浙江省,宁波市,无异常,南美白对虾,0.1
浙江省,嘉兴市,浙江省,舟山市,无异常,大黄鱼,0.09
浙江省,绍兴市,浙江省,杭州市,诺氟沙星,中华绒螯蟹,0.59
浙江省,温州市,浙江省,金华市,氯霉素,扇贝,0.78
浙江省,舟山市,浙江省,丽水市,孔雀石绿,扇贝,0.85
浙江省,绍兴市,浙江省,湖州市,孔雀石绿,中华绒螯蟹,0.42
江苏省,苏州市,浙江省,衢州市,无异常,牡蛎,0.3
浙江省,衢州市,浙江省,台州市,无异常,中华绒螯蟹,0.28
浙江省,绍兴市,浙江省,嘉兴市,无异常,大黄鱼,0.36
浙江省,宁波市,浙江省,舟山市,孔雀石绿,青蟹,0.53
辽宁省,盘锦市,浙江省,温州市,无异常,小黄鱼,0.27
浙江省,杭州市,上海市,上海市,无异常,带鱼,0.1
浙江省,杭州市,浙江省,湖州市,无异常,南美白对虾,0.32
浙江省,湖州市,浙江省,衢州市,氯霉素,小黄鱼,0.5
浙江省,宁波市,浙江省,杭州市,重金属(汞),青蟹,0.83
北京市,北京市,上海市,上海市,硝基呋喃,扇贝,0.53
浙江省,嘉兴市,浙江省,宁波市,无异常,小黄鱼,0.07
浙江省,丽水市,浙江省,台州市,无异常,带鱼,0.25
广东省,湛江市,浙江省,绍兴市,诺氟沙星,小黄鱼,0.91
山东省,威海市,上海市,上海市,硝基呋喃,青蟹,0.47
浙江省,宁波市,浙江省,金华市,重金属(镉),大黄鱼,0.58
浙江省,衢州市,浙江省,嘉兴市,无异常,中华绒螯蟹,0.07
浙江省,金华市,浙江省,丽水市,无异常,青蟹,0.32
浙江省,湖州市,浙江省,舟山市,无异常,大黄鱼,0.1
浙江省,嘉兴市,浙江省,杭州市,重金属(汞),带鱼,0.45
浙江省,杭州市,浙江省,嘉兴市,无异常,扇贝,0.29
浙江省,绍兴市,浙江省,宁波市,无异常,大黄鱼,0.4
辽宁省,盘锦市,浙江省,丽水市,无异常,中华绒螯蟹,0.13
浙江省,嘉兴市,浙江省,台州市,硝基呋喃,带鱼,0.64
浙江省,金华市,浙江省,丽水市,无异常,扇贝,0.08
浙江省,舟山市,浙江省,湖州市,孔雀石绿,牡蛎,0.83
浙江省,台州市,浙江省,杭州市,五氯酚酸钠,带鱼,0.86
山东省,烟台市,浙江省,衢州市,无异常,带鱼,0.15
浙江省,湖州市,浙江省,杭州市,诺氟沙星,中华绒螯蟹,0.45
浙江省,台州市,江苏省,连云港市,氯霉素,中华绒螯蟹,0.77
江苏省,连云港市,上海市,上海市,无异常,大黄鱼,0.14
浙江省,台州市,浙江省,衢州市,孔雀石绿,带鱼,0.65
山东省,威海市,浙江省,嘉兴市,重金属(汞),带鱼,0.69
上海市,上海市,上海市,上海市,无异常,中华绒螯蟹,0.26
浙江省,衢州市,浙江省,丽水市,无异常,青蟹,0.27
浙江省,台州市,江苏省,南通市,诺氟沙星,南美白对虾,0.99
浙江省,衢州市,浙江省,金华市,无异常,牡蛎,0.12
山东省,威海市,浙江省,绍兴市,无异常,南美白对虾,0.36
广东省,广州市,浙江省,温州市,无异常,大黄鱼,0.17
浙江省,丽水市,上海市,上海市,无异常,小黄鱼,0.15
浙江省,宁波市,浙江省,杭州市,氯霉素,青蟹,0.83
浙江省,金华市,浙江省,绍兴市,无异常,中华绒螯蟹,0.04
浙江省,温州市,浙江省,杭州市,重金属(汞),青蟹,0.98
浙江省,金华市,浙江省,温州市,无异常,带鱼,0.05
浙江省,温州市,浙江省,嘉兴市,重金属(汞),大黄鱼,0.52
浙江省,舟山市,浙江省,温州市,重金属(汞),大黄鱼,0.93
北京市,北京市,浙江省,台州市,无异常,南美白对虾,0.29
浙江省,湖州市,浙江省,杭州市,无异常,牡蛎,0.38
浙江省,绍兴市,浙江省,温州市,重金属(镉),小黄鱼,0.51
浙江省,舟山市,浙江省,舟山市,硝基呋喃,青蟹,0.94
浙江省,台州市,浙江省,温州市,诺氟沙星,青蟹,0.84
浙江省,宁波市,浙江省,舟山市,重金属(汞),大黄鱼,0.84
浙江省,温州市,浙江省,台州市,五氯酚酸钠,小黄鱼,0.9
福建省,泉州市,上海市,上海市,无异常,南美白对虾,0.29
浙江省,衢州市,浙江省,嘉兴市,无异常,牡蛎,0.03
江苏省,苏州市,浙江省,温州市,无异常,青蟹,0.06
浙江省,丽水市,浙江省,衢州市,无异常,青蟹,0.05
浙江省,衢州市,浙江省,金华市,氯霉素,南美白对虾,0.55
浙江省,杭州市,浙江省,嘉兴市,无异常,南美白对虾,0.26
浙江省,丽水市,浙江省,舟山市,无异常,南美白对虾,0.09
浙江省,湖州市,浙江省,金华市,诺氟沙星,扇贝,0.44
浙江省,金华市,浙江省,温州市,无异常,小黄鱼,0.26
浙江省,温州市,浙江省,绍兴市,氯霉素,大黄鱼,0.51
浙江省,台州市,浙江省,温州市,五氯酚酸钠,中华绒螯蟹,0.99
浙江省,湖州市,江苏省,南京市,无异常,扇贝,0.32
浙江省,金华市,浙江省,温州市,无异常,南美白对虾,0.25
浙江省,杭州市,浙江省,温州市,无异常,扇贝,0.23
浙江省,舟山市,浙江省,杭州市,诺氟沙星,牡蛎,0.55
浙江省,温州市,浙江省,宁波市,五氯酚酸钠,带鱼,0.82
浙江省,衢州市,浙江省,杭州市,无异常,青蟹,0.28
浙江省,绍兴市,浙江省,嘉兴市,无异常,牡蛎,0.25
浙江省,丽水市,江苏省,苏州市,无异常,南美白对虾,0.33
江苏省,南京市,浙江省,湖州市,无异常,牡蛎,0.14
浙江省,衢州市,浙江省,金华市,无异常,带鱼,0.17
浙江省,丽水市,浙江省,衢州市,无异常,大黄鱼,0.02
浙江省,金华市,浙江省,衢州市,无异常,带鱼,0.3
浙江省,绍兴市,浙江省,台州市,无异常,带鱼,0.16
浙江省,嘉兴市,浙江省,杭州市,诺氟沙星,牡蛎,0.7
浙江省,绍兴市,上海市,上海市,无异常,中华绒螯蟹,0.26
北京市,北京市,上海市,上海市,无异常,南美白对虾,0.32
浙江省,杭州市,浙江省,绍兴市,无异常,小黄鱼,0.29
浙江省,宁波市,浙江省,温州市,硝基呋喃,带鱼,0.59
浙江省,丽水市,浙江省,嘉兴市,诺氟沙星,大黄鱼,0.6
浙江省,温州市,浙江省,宁波市,孔雀石绿,小黄鱼,0.72
浙江省,温州市,江苏省,连云港市,重金属(汞),大黄鱼,0.78
辽宁省,大连市,上海市,上海市,重金属(镉),南美白对虾,0.67
浙江省,绍兴市,浙江省,嘉兴市,无异常,青蟹,0.21
浙江省,嘉兴市,浙江省,宁波市,无异常,中华绒螯蟹,0.1
福建省,宁德市,浙江省,绍兴市,无异常,扇贝,0.13
浙江省,温州市,浙江省,台州市,重金属(汞),小黄鱼,0.85
浙江省,丽水市,浙江省,嘉兴市,无异常,青蟹,0.21
浙江省,绍兴市,浙江省,宁波市,诺氟沙星,小黄鱼,0.67
浙江省,绍兴市,浙江省,衢州市,无异常,扇贝,0.09
浙江省,金华市,浙江省,杭州市,无异常,青蟹,0.21
浙江省,湖州市,浙江省,嘉兴市,无异常,中华绒螯蟹,0.4
广东省,汕头市,浙江省,温州市,无异常,扇贝,0.28
浙江省,绍兴市,浙江省,宁波市,无异常,牡蛎,0.3
浙江省,金华市,浙江省,杭州市,无异常,大黄鱼,0.2
浙江省,绍兴市,浙江省,丽水市,无异常,青蟹,0.36
福建省,厦门市,浙江省,嘉兴市,诺氟沙星,小黄鱼,0.56
浙江省,金华市,浙江省,湖州市,无异常,中华绒螯蟹,0.06
浙江省,衢州市,浙江省,温州市,无异常,青蟹,0.04
浙江省,杭州市,浙江省,宁波市,无异常,南美白对虾,0.16
北京市,北京市,浙江省,金华市,无异常,南美白对虾,0.19
浙江省,丽水市,江苏省,连云港市,无异常,牡蛎,0.22
浙江省,衢州市,浙江省,温州市,无异常,中华绒螯蟹,0.32
上海市,上海市,浙江省,金华市,无异常,中华绒螯蟹,0.35
江苏省,苏州市,浙江省,杭州市,无异常,大黄鱼,0.1
福建省,宁德市,浙江省,温州市,无异常,牡蛎,0.31
山东省,威海市,上海市,上海市,无异常,中华绒螯蟹,0.16
浙江省,台州市,浙江省,宁波市,诺氟沙星,中华绒螯蟹,0.79
浙江省,台州市,浙江省,舟山市,五氯酚酸钠,大黄鱼,0.72
浙江省,绍兴市,浙江省,舟山市,诺氟沙星,牡蛎,0.67
浙江省,舟山市,浙江省,嘉兴市,重金属(汞),大黄鱼,0.85
浙江省,温州市,浙江省,湖州市,氯霉素,中华绒螯蟹,0.48
浙江省,嘉兴市,浙江省,温州市,无异常,青蟹,0.21
浙江省,台州市,浙江省,衢州市,硝基呋喃,大黄鱼,0.97
浙江省,杭州市,浙江省,金华市,无异常,扇贝,0.35
浙江省,嘉兴市,浙江省,台州市,无异常,青蟹,0.06
浙江省,嘉兴市,浙江省,湖州市,无异常,南美白对虾,0.18
浙江省,温州市,浙江省,绍兴市,孔雀石绿,牡蛎,0.81
浙江省,嘉兴市,浙江省,湖州市,无异常,中华绒螯蟹,0.33
浙江省,宁波市,浙江省,杭州市,五氯酚酸钠,南美白对虾,0.79
浙江省,舟山市,浙江省,衢州市,诺氟沙星,扇贝,0.81
浙江省,杭州市,浙江省,丽水市,无异常,牡蛎,0.13
北京市,北京市,浙江省,金华市,无异常,小黄鱼,0.12
浙江省,嘉兴市,浙江省,宁波市,五氯酚酸钠,扇贝,0.47
浙江省,嘉兴市,浙江省,舟山市,无异常,扇贝,0.17
浙江省,台州市,浙江省,绍兴市,重金属(汞),小黄鱼,0.85
浙江省,宁波市,浙江省,舟山市,五氯酚酸钠,中华绒螯蟹,0.45
福建省,泉州市,上海市,上海市,无异常,中华绒螯蟹,0.22
浙江省,金华市,江苏省,苏州市,无异常,南美白对虾,0.03
浙江省,湖州市,上海市,上海市,无异常,小黄鱼,0.22
浙江省,金华市,上海市,上海市,无异常,中华绒螯蟹,0.26
浙江省,嘉兴市,浙江省,宁波市,无异常,扇贝,0.28
浙江省,丽水市,浙江省,绍兴市,无异常,带鱼,0.28
山东省,烟台市,上海市,上海市,无异常,牡蛎,0.21
浙江省,湖州市,浙江省,绍兴市,无异常,南美白对虾,0.26
浙江省,嘉兴市,上海市,上海市,无异常,带鱼,0.08
浙江省,宁波市,浙江省,杭州市,硝基呋喃,青蟹,0.96
浙江省,舟山市,上海市,上海市,重金属(汞),大黄鱼,0.92
辽宁省,大连市,上海市,上海市,无异常,带鱼,0.28
浙江省,金华市,浙江省,丽水市,无异常,带鱼,0.28
浙江省,丽水市,浙江省,丽水市,无异常,中华绒螯蟹,0.01
浙江省,杭州市,浙江省,嘉兴市,无异常,带鱼,0.32
浙江省,丽水市,浙江省,湖州市,诺氟沙星,扇贝,0.51
浙江省,绍兴市,浙江省,温州市,无异常,青蟹,0.3
福建省,泉州市,浙江省,舟山市,重金属(汞),带鱼,0.68
浙江省,嘉兴市,浙江省,温州市,硝基呋喃,大黄鱼,0.68
浙江省,台州市,浙江省,台州市,硝基呋喃,带鱼,0.46
浙江省,金华市,浙江省,衢州市,无异常,南美白对虾,0.03
浙江省,湖州市,浙江省,舟山市,无异常,扇贝,0.38
浙江省,温州市,江苏省,南京市,硝基呋喃,大黄鱼,0.91
浙江省,舟山市,江苏省,南通市,氯霉素,带鱼,0.63
浙江省,丽水市,浙江省,衢州市,无异常,扇贝,0.29
上海市,上海市,浙江省,湖州市,无异常,中华绒螯蟹,0.38
浙江省,宁波市,浙江省,杭州市,孔雀石绿,扇贝,0.98
浙江省,丽水市,江苏省,南京市,重金属(镉),小黄鱼,0.55
浙江省,宁波市,浙江省,绍兴市,孔雀石绿,大黄鱼,0.97
浙江省,嘉兴市,浙江省,舟山市,无异常,扇贝,0.28
浙江省,杭州市,浙江省,温州市,无异常,南美白对虾,0.35
浙江省,宁波市,江苏省,南京市,硝基呋喃,牡蛎,0.96
浙江省,宁波市,浙江省,湖州市,五氯酚酸钠,大黄鱼,0.44
浙江省,丽水市,浙江省,宁波市,五氯酚酸钠,小黄鱼,0.45
浙江省,宁波市,浙江省,绍兴市,硝基呋喃,中华绒螯蟹,0.79
浙江省,绍兴市,浙江省,宁波市,无异常,大黄鱼,0.16
浙江省,嘉兴市,浙江省,衢州市,无异常,带鱼,0.38
浙江省,嘉兴市,浙江省,绍兴市,无异常,南美白对虾,0.13
上海市,上海市,浙江省,绍兴市,硝基呋喃,大黄鱼,0.5
浙江省,衢州市,上海市,上海市,无异常,中华绒螯蟹,0.07
浙江省,温州市,浙江省,嘉兴市,孔雀石绿,中华绒螯蟹,0.86
北京市,北京市,上海市,上海市,无异常,带鱼,0.34
浙江省,宁波市,上海市,上海市,重金属(汞),中华绒螯蟹,0.56
浙江省,台州市,浙江省,绍兴市,孔雀石绿,扇贝,0.77
浙江省,温州市,浙江省,嘉兴市,诺氟沙星,扇贝,0.66
浙江省,衢州市,浙江省,杭州市,无异常,青蟹,0.11
浙江省,丽水市,浙江省,湖州市,无异常,青蟹,0.21
浙江省,衢州市,上海市,上海市,无异常,青蟹,0.05
浙江省,嘉兴市,上海市,上海市,诺氟沙星,扇贝,0.68
浙江省,温州市,浙江省,杭州市,硝基呋喃,牡蛎,0.66
浙江省,宁波市,浙江省,舟山市,重金属(镉),带鱼,0.92
浙江省,杭州市,江苏省,南通市,无异常,中华绒螯蟹,0.3
浙江省,衢州市,上海市,上海市,无异常,南美白对虾,0.35
浙江省,丽水市,浙江省,温州市,无异常,大黄鱼,0.31
浙江省,舟山市,上海市,上海市,硝基呋喃,青蟹,0.56
山东省,烟台市,浙江省,温州市,硝基呋喃,带鱼,0.65
浙江省,舟山市,浙江省,杭州市,五氯酚酸钠,中华绒螯蟹,0.88
浙江省,衢州市,浙江省,舟山市,无异常,青蟹,0.31
浙江省,杭州市,浙江省,杭州市,无异常,扇贝,0.17
浙江省,嘉兴市,浙江省,杭州市,无异常,小黄鱼,0.02
浙江省,宁波市,江苏省,南通市,重金属(镉),带鱼,0.76
浙江省,温州市,浙江省,杭州市,五氯酚酸钠,牡蛎,0.97
浙江省,舟山市,浙江省,台州市,重金属(镉),牡蛎,0.88
浙江省,衢州市,浙江省,嘉兴市,无异常,中华绒螯蟹,0.3
浙江省,金华市,浙江省,绍兴市,无异常,牡蛎,0.32
山东省,烟台市,浙江省,温州市,重金属(汞),大黄鱼,0.43
浙江省,宁波市,浙江省,杭州市,硝基呋喃,带鱼,0.97
浙江省,丽水市,浙江省,金华市,无异常,牡蛎,0.27
辽宁省,大连市,浙江省,丽水市,无异常,带鱼,0.35
浙江省,台州市,上海市,上海市,重金属(镉),青蟹,0.47
北京市,北京市,上海市,上海市,五氯酚酸钠,中华绒螯蟹,0.62
浙江省,舟山市,江苏省,连云港市,孔雀石绿,中华绒螯蟹,0.95
浙江省,杭州市,浙江省,宁波市,无异常,大黄鱼,0.33
浙江省,杭州市,浙江省,湖州市,无异常,大黄鱼,0.22
辽宁省,盘锦市,浙江省,金华市,无异常,小黄鱼,0.08
浙江省,丽水市,浙江省,湖州市,无异常,小黄鱼,0.17
浙江省,绍兴市,浙江省,台州市,无异常,牡蛎,0.09
浙江省,金华市,浙江省,温州市,无异常,牡蛎,0.14
浙江省,温州市,浙江省,宁波市,重金属(汞),中华绒螯蟹,0.54
浙江省,绍兴市,浙江省,杭州市,无异常,牡蛎,0.22
辽宁省,盘锦市,浙江省,杭州市,硝基呋喃,小黄鱼,0.63
浙江省,杭州市,浙江省,舟山市,无异常,扇贝,0.22
浙江省,杭州市,浙江省,湖州市,重金属(汞),南美白对虾,0.53
浙江省,宁波市,上海市,上海市,硝基呋喃,南美白对虾,0.82
浙江省,杭州市,浙江省,嘉兴市,无异常,牡蛎,0.03
浙江省,台州市,浙江省,丽水市,五氯酚酸钠,大黄鱼,0.7
浙江省,嘉兴市,浙江省,杭州市,无异常,中华绒螯蟹,0.2
浙江省,丽水市,浙江省,台州市,无异常,牡蛎,0.26
浙江省,衢州市,浙江省,嘉兴市,无异常,大黄鱼,0.1
浙江省,舟山市,浙江省,金华市,氯霉素,青蟹,0.86
浙江省,绍兴市,浙江省,台州市,重金属(镉),小黄鱼,0.58
浙江省,嘉兴市,浙江省,杭州市,氯霉素,小黄鱼,0.67
辽宁省,大连市,上海市,上海市,孔雀石绿,扇贝,0.57
浙江省,嘉兴市,浙江省,金华市,孔雀石绿,青蟹,0.45
浙江省,温州市,浙江省,金华市,氯霉素,扇贝,0.51
浙江省,嘉兴市,浙江省,金华市,重金属(汞),大黄鱼,0.41
浙江省,台州市,浙江省,杭州市,孔雀石绿,大黄鱼,0.74
浙江省,宁波市,浙江省,台州市,重金属(镉),小黄鱼,0.89
浙江省,台州市,浙江省,杭州市,硝基呋喃,扇贝,0.77
浙江省,金华市,江苏省,连云港市,无异常,青蟹,0.24
浙江省,台州市,江苏省,苏州市,孔雀石绿,带鱼,0.96
浙江省,丽水市,浙江省,舟山市,五氯酚酸钠,牡蛎,0.45
浙江省,舟山市,浙江省,衢州市,五氯酚酸钠,中华绒螯蟹,0.73
浙江省,宁波市,江苏省,连云港市,氯霉素,带鱼,0.82
浙江省,绍兴市,上海市,上海市,重金属(镉),小黄鱼,0.6
浙江省,绍兴市,浙江省,衢州市,无异常,小黄鱼,0.38
浙江省,温州市,浙江省,金华市,硝基呋喃,扇贝,0.51
浙江省,宁波市,浙江省,衢州市,孔雀石绿,牡蛎,0.69
浙江省,舟山市,浙江省,温州市,重金属(汞),扇贝,0.97
浙江省,舟山市,浙江省,宁波市,诺氟沙星,小黄鱼,0.89
浙江省,丽水市,浙江省,绍兴市,无异常,大黄鱼,0.1
浙江省,金华市,浙江省,绍兴市,无异常,中华绒螯蟹,0.28
浙江省,杭州市,浙江省,台州市,五氯酚酸钠,大黄鱼,0.61
浙江省,杭州市,上海市,上海市,无异常,青蟹,0.11
山东省,威海市,上海市,上海市,无异常,青蟹,0.29
浙江省,绍兴市,浙江省,金华市,硝基呋喃,小黄鱼,0.58
浙江省,嘉兴市,浙江省,衢州市,诺氟沙星,牡蛎,0.61
江苏省,连云港市,上海市,上海市,无异常,大黄鱼,0.28
浙江省,宁波市,浙江省,金华市,重金属(汞),南美白对虾,0.94
浙江省,温州市,浙江省,舟山市,诺氟沙星,牡蛎,0.76
浙江省,宁波市,浙江省,衢州市,重金属(汞),中华绒螯蟹,0.98
浙江省,衢州市,浙江省,丽水市,无异常,青蟹,0.28
浙江省,湖州市,浙江省,嘉兴市,无异常,小黄鱼,0.05
浙江省,丽水市,浙江省,温州市,无异常,大黄鱼,0.04
浙江省,丽水市,浙江省,金华市,无异常,南美白对虾,0.11
浙江省,嘉兴市,江苏省,南通市,无异常,扇贝,0.37
浙江省,温州市,江苏省,南京市,重金属(汞),牡蛎,0.79
浙江省,舟山市,浙江省,宁波市,重金属(汞),牡蛎,0.53
浙江省,嘉兴市,浙江省,嘉兴市,无异常,青蟹,0.03
浙江省,湖州市,上海市,上海市,重金属(汞),大黄鱼,0.5
浙江省,温州市,浙江省,宁波市,重金属(镉),牡蛎,0.9
浙江省,金华市,浙江省,温州市,无异常,大黄鱼,0.12
浙江省,温州市,上海市,上海市,孔雀石绿,小黄鱼,0.78
浙江省,杭州市,浙江省,舟山市,重金属(镉),中华绒螯蟹,0.6
浙江省,丽水市,浙江省,杭州市,无异常,带鱼,0.16
浙江省,温州市,浙江省,舟山市,诺氟沙星,带鱼,0.78
福建省,福州市,上海市,上海市,无异常,扇贝,0.06
浙江省,嘉兴市,浙江省,金华市,无异常,牡蛎,0.06
浙江省,舟山市,浙江省,湖州市,重金属(汞),扇贝,0.62
上海市,上海市,浙江省,舟山市,无异常,青蟹,0.03
浙江省,宁波市,浙江省,温州市,重金属(汞),牡蛎,0.98
浙江省,丽水市,上海市,上海市,无异常,小黄鱼,0.11
浙江省,衢州市,浙江省,舟山市,无异常,牡蛎,0.29
浙江省,舟山市,浙江省,宁波市,硝基呋喃,大黄鱼,0.9
浙江省,宁波市,浙江省,嘉兴市,孔雀石绿,带鱼,0.8
浙江省,舟山市,浙江省,丽水市,孔雀石绿,中华绒螯蟹,0.95
浙江省,嘉兴市,浙江省,温州市,无异常,牡蛎,0.3
浙江省,舟山市,浙江省,温州市,诺氟沙星,大黄鱼,0.88
浙江省,舟山市,浙江省,湖州市,重金属(镉),青蟹,0.64
浙江省,宁波市,江苏省,连云港市,五氯酚酸钠,牡蛎,0.8
浙江省,杭州市,浙江省,温州市,五氯酚酸钠,中华绒螯蟹,0.54
浙江省,温州市,浙江省,嘉兴市,孔雀石绿,中华绒螯蟹,0.8
浙江省,丽水市,浙江省,丽水市,无异常,南美白对虾,0.28
浙江省,舟山市,江苏省,苏州市,诺氟沙星,扇贝,0.91
浙江省,舟山市,浙江省,衢州市,重金属(镉),青蟹,0.77
浙江省,衢州市,浙江省,舟山市,无异常,牡蛎,0.18
浙江省,宁波市,浙江省,杭州市,重金属(镉),带鱼,0.66
浙江省,杭州市,浙江省,丽水市,无异常,青蟹,0.06
浙江省,台州市,浙江省,嘉兴市,诺氟沙星,扇贝,0.93
江苏省,南京市,上海市,上海市,无异常,小黄鱼,0.21
福建省,宁德市,浙江省,衢州市,五氯酚酸钠,牡蛎,0.57
浙江省,衢州市,浙江省,金华市,孔雀石绿,青蟹,0.42
浙江省,宁波市,浙江省,台州市,氯霉素,扇贝,0.8
浙江省,宁波市,浙江省,绍兴市,氯霉素,带鱼,0.62
浙江省,杭州市,浙江省,金华市,无异常,大黄鱼,0.04
浙江省,金华市,上海市,上海市,无异常,带鱼,0.33
浙江省,台州市,浙江省,金华市,硝基呋喃,中华绒螯蟹,0.59
浙江省,宁波市,江苏省,南通市,孔雀石绿,扇贝,0.54
山东省,日照市,浙江省,湖州市,无异常,大黄鱼,0.23
福建省,福州市,浙江省,湖州市,无异常,牡蛎,0.25
浙江省,舟山市,浙江省,嘉兴市,五氯酚酸钠,小黄鱼,0.47
浙江省,丽水市,浙江省,杭州市,无异常,小黄鱼,0.31
江苏省,苏州市,上海市,上海市,无异常,大黄鱼,0.26
浙江省,绍兴市,江苏省,苏州市,重金属(镉),牡蛎,0.55
浙江省,温州市,浙江省,嘉兴市,硝基呋喃,大黄鱼,0.99
浙江省,舟山市,浙江省,温州市,孔雀石绿,牡蛎,0.98
浙江省,温州市,浙江省,杭州市,诺氟沙星,南美白对虾,0.66
浙江省,湖州市,浙江省,杭州市,无异常,扇贝,0.11
浙江省,嘉兴市,浙江省,宁波市,无异常,中华绒螯蟹,0.38
浙江省,杭州市,浙江省,台州市,无异常,扇贝,0.18
浙江省,金华市,浙江省,丽水市,无异常,南美白对虾,0.23
浙江省,金华市,浙江省,杭州市,无异常,中华绒螯蟹,0.28
浙江省,舟山市,江苏省,苏州市,重金属(汞),青蟹,0.89
浙江省,温州市,江苏省,南京市,五氯酚酸钠,青蟹,0.57
上海市,上海市,浙江省,杭州市,诺氟沙星,大黄鱼,0.49
浙江省,宁波市,浙江省,台州市,孔雀石绿,带鱼,0.99
浙江省,丽水市,浙江省,舟山市,无异常,南美白对虾,0.1
上海市,上海市,浙江省,宁波市,无异常,牡蛎,0.16
浙江省,杭州市,浙江省,温州市,无异常,中华绒螯蟹,0.31
浙江省,金华市,上海市,上海市,硝基呋喃,带鱼,0.58
浙江省,温州市,浙江省,湖州市,氯霉素,小黄鱼,0.93
浙江省,衢州市,浙江省,金华市,无异常,南美白对虾,0.34
浙江省,嘉兴市,浙江省,湖州市,无异常,扇贝,0.02
江苏省,南京市,浙江省,丽水市,硝基呋喃,牡蛎,0.65
浙江省,衢州市,浙江省,温州市,重金属(镉),青蟹,0.65
浙江省,衢州市,浙江省,舟山市,无异常,扇贝,0.09
浙江省,衢州市,浙江省,嘉兴市,无异常,大黄鱼,0.03
福建省,泉州市,上海市,上海市,无异常,大黄鱼,0.33
浙江省,宁波市,浙江省,绍兴市,氯霉素,大黄鱼,0.72
浙江省,绍兴市,浙江省,衢州市,无异常,小黄鱼,0.22
江苏省,连云港市,上海市,上海市,无异常,带鱼,0.17
浙江省,杭州市,浙江省,衢州市,无异常,青蟹,0.13
浙江省,嘉兴市,浙江省,杭州市,无异常,南美白对虾,0.31
浙江省,温州市,浙江省,金华市,五氯酚酸钠,小黄鱼,0.46
浙江省,衢州市,浙江省,湖州市,无异常,扇贝,0.11
浙江省,宁波市,浙江省,金华市,氯霉素,带鱼,0.72
浙江省,湖州市,浙江省,杭州市,无异常,小黄鱼,0.05
浙江省,丽水市,浙江省,绍兴市,五氯酚酸钠,青蟹,0.48
浙江省,宁波市,浙江省,金华市,五氯酚酸钠,中华绒螯蟹,0.78
浙江省,嘉兴市,浙江省,舟山市,无异常,大黄鱼,0.03
上海市,上海市,浙江省,杭州市,无异常,牡蛎,0.21
浙江省,宁波市,浙江省,舟山市,重金属(镉),大黄鱼,0.56
辽宁省,大连市,浙江省,湖州市,硝基呋喃,扇贝,0.41
浙江省,绍兴市,江苏省,南通市,无异常,牡蛎,0.15
浙江省,台州市,浙江省,金华市,重金属(汞),小黄鱼,0.8
浙江省,衢州市,浙江省,嘉兴市,无异常,中华绒螯蟹,0.21
浙江省,舟山市,江苏省,南通市,孔雀石绿,南美白对虾,0.75
浙江省,杭州市,浙江省,宁波市,无异常,青蟹,0.02
浙江省,绍兴市,浙江省,舟山市,无异常,南美白对虾,0.14
浙江省,舟山市,浙江省,湖州市,氯霉素,扇贝,0.6
浙江省,台州市,浙江省,舟山市,硝基呋喃,带鱼,0.93
浙江省,丽水市,浙江省,杭州市,无异常,南美白对虾,0.14
上海市,上海市,浙江省,杭州市,无异常,青蟹,0.34
浙江省,衢州市,江苏省,苏州市,无异常,小黄鱼,0.08
浙江省,台州市,浙江省,丽水市,硝基呋喃,扇贝,0.66
浙江省,嘉兴市,浙江省,湖州市,无异常,牡蛎,0.34
浙江省,湖州市,江苏省,连云港市,无异常,牡蛎,0.38
浙江省,宁波市,浙江省,温州市,硝基呋喃,中华绒螯蟹,0.81
浙江省,嘉兴市,浙江省,舟山市,无异常,中华绒螯蟹,0.23
浙江省,嘉兴市,浙江省,温州市,无异常,大黄鱼,0.12
北京市,北京市,浙江省,嘉兴市,无异常,南美白对虾,0.2
浙江省,嘉兴市,上海市,上海市,无异常,中华绒螯蟹,0.21
浙江省,丽水市,浙江省,宁波市,无异常,扇贝,0.25
上海市,上海市,浙江省,衢州市,无异常,小黄鱼,0.18
浙江省,宁波市,浙江省,杭州市,重金属(镉),青蟹,0.87
浙江省,台州市,浙江省,杭州市,孔雀石绿,小黄鱼,0.93
浙江省,嘉兴市,浙江省,台州市,无异常,大黄鱼,0.2
福建省,厦门市,上海市,上海市,无异常,小黄鱼,0.26
浙江省,湖州市,浙江省,杭州市,无异常,大黄鱼,0.3
浙江省,温州市,浙江省,舟山市,孔雀石绿,青蟹,0.9
浙江省,丽水市,江苏省,苏州市,无异常,小黄鱼,0.3
浙江省,温州市,浙江省,嘉兴市,氯霉素,扇贝,0.71
浙江省,杭州市,浙江省,丽水市,无异常,牡蛎,0.15
浙江省,舟山市,浙江省,杭州市,硝基呋喃,南美白对虾,0.96
山东省,威海市,浙江省,湖州市,无异常,扇贝,0.08
浙江省,杭州市,浙江省,湖州市,无异常,大黄鱼,0.06
浙江省,舟山市,浙江省,丽水市,氯霉素,小黄鱼,0.81
浙江省,绍兴市,浙江省,温州市,无异常,青蟹,0.14
浙江省,衢州市,上海市,上海市,五氯酚酸钠,小黄鱼,0.65
浙江省,舟山市,浙江省,绍兴市,五氯酚酸钠,带鱼,0.64
浙江省,宁波市,浙江省,衢州市,硝基呋喃,小黄鱼,0.51
山东省,青岛市,浙江省,台州市,孔雀石绿,南美白对虾,0.94
浙江省,湖州市,浙江省,台州市,无异常,南美白对虾,0.15
浙江省,舟山市,浙江省,丽水市,诺氟沙星,青蟹,0.92
广东省,深圳市,上海市,上海市,无异常,青蟹,0.28
浙江省,丽水市,浙江省,舟山市,无异常,中华绒螯蟹,0.22
浙江省,湖州市,浙江省,温州市,无异常,大黄鱼,0.02
浙江省,温州市,浙江省,衢州市,重金属(汞),南美白对虾,0.8
浙江省,舟山市,浙江省,嘉兴市,氯霉素,带鱼,0.74
浙江省,衢州市,浙江省,宁波市,重金属(汞),带鱼,0.57
浙江省,丽水市,浙江省,绍兴市,无异常,带鱼,0.1
浙江省,嘉兴市,上海市,上海市,五氯酚酸钠,中华绒螯蟹,0.59
浙江省,绍兴市,浙江省,嘉兴市,无异常,青蟹,0.07
浙江省,丽水市,浙江省,杭州市,无异常,南美白对虾,0.17
浙江省,丽水市,浙江省,金华市,无异常,扇贝,0.06
浙江省,丽水市,浙江省,绍兴市,无异常,中华绒螯蟹,0.33
浙江省,衢州市,浙江省,舟山市,无异常,扇贝,0.14
浙江省,衢州市,浙江省,丽水市,无异常,扇贝,0.26
浙江省,舟山市,江苏省,南京市,孔雀石绿,带鱼,0.72
浙江省,金华市,浙江省,温州市,无异常,牡蛎,0.12
福建省,厦门市,浙江省,舟山市,无异常,青蟹,0.16
浙江省,金华市,江苏省,南京市,无异常,南美白对虾,0.02
浙江省,宁波市,上海市,上海市,重金属(镉),南美白对虾,0.95
上海市,上海市,上海市,上海市,无异常,带鱼,0.16
浙江省,丽水市,浙江省,舟山市,无异常,大黄鱼,0.25
浙江省,杭州市,上海市,上海市,无异常,大黄鱼,0.23
浙江省,舟山市,浙江省,衢州市,重金属(汞),牡蛎,0.85
浙江省,湖州市,浙江省,衢州市,无异常,南美白对虾,0.14
浙江省,丽水市,浙江省,温州市,无异常,小黄鱼,0.29
浙江省,嘉兴市,浙江省,湖州市,无异常,南美白对虾,0.23
浙江省,衢州市,浙江省,绍兴市,无异常,大黄鱼,0.09
江苏省,苏州市,上海市,上海市,重金属(镉),带鱼,0.5
浙江省,金华市,浙江省,杭州市,氯霉素,小黄鱼,0.5
浙江省,舟山市,浙江省,衢州市,五氯酚酸钠,牡蛎,0.67
浙江省,台州市,浙江省,丽水市,重金属(汞),大黄鱼,0.98
浙江省,丽水市,浙江省,杭州市,诺氟沙星,带鱼,0.68
上海市,上海市,浙江省,舟山市,无异常,大黄鱼,0.31
浙江省,绍兴市,浙江省,湖州市,无异常,大黄鱼,0.01
浙江省,台州市,浙江省,温州市,重金属(镉),小黄鱼,0.81
浙江省,杭州市,浙江省,宁波市,无异常,中华绒螯蟹,0.3
浙江省,宁波市,浙江省,丽水市,孔雀石绿,大黄鱼,0.91
浙江省,衢州市,江苏省,南京市,无异常,牡蛎,0.03
北京市,北京市,浙江省,嘉兴市,无异常,扇贝,0.06
浙江省,金华市,江苏省,连云港市,无异常,牡蛎,0.33
浙江省,杭州市,浙江省,湖州市,五氯酚酸钠,南美白对虾,0.6
浙江省,绍兴市,上海市,上海市,硝基呋喃,小黄鱼,0.64
福建省,厦门市,上海市,上海市,无异常,大黄鱼,0.08
浙江省,衢州市,浙江省,台州市,无异常,中华绒螯蟹,0.19
浙江省,金华市,浙江省,衢州市,无异常,中华绒螯蟹,0.23
浙江省,绍兴市,浙江省,舟山市,无异常,带鱼,0.24
浙江省,台州市,浙江省,金华市,诺氟沙星,小黄鱼,0.51
北京市,北京市,上海市,上海市,无异常,南美白对虾,0.19
浙江省,宁波市,浙江省,舟山市,重金属(镉),小黄鱼,0.91
上海市,上海市,浙江省,台州市,无异常,扇贝,0.29
北京市,北京市,浙江省,台州市,无异常,小黄鱼,0.06
浙江省,温州市,浙江省,台州市,孔雀石绿,大黄鱼,0.64
浙江省,温州市,浙江省,湖州市,硝基呋喃,南美白对虾,0.6
浙江省,台州市,浙江省,湖州市,重金属(汞),小黄鱼,0.9
山东省,青岛市,浙江省,湖州市,硝基呋喃,小黄鱼,0.66
浙江省,湖州市,浙江省,衢州市,无异常,中华绒螯蟹,0.34
浙江省,宁波市,浙江省,杭州市,氯霉素,中华绒螯蟹,0.75
浙江省,台州市,浙江省,衢州市,五氯酚酸钠,小黄鱼,0.41
浙江省,台州市,浙江省,嘉兴市,重金属(汞),小黄鱼,0.66
浙江省,嘉兴市,浙江省,丽水市,无异常,青蟹,0.29
江苏省,南京市,浙江省,丽水市,无异常,带鱼,0.11
浙江省,杭州市,浙江省,杭州市,无异常,牡蛎,0.12
浙江省,温州市,浙江省,绍兴市,五氯酚酸钠,扇贝,0.65
浙江省,衢州市,浙江省,温州市,氯霉素,小黄鱼,0.43
浙江省,宁波市,上海市,上海市,孔雀石绿,扇贝,0.92
浙江省,湖州市,浙江省,舟山市,重金属(镉),青蟹,0.57
浙江省,绍兴市,浙江省,杭州市,无异常,扇贝,0.16
浙江省,台州市,浙江省,丽水市,诺氟沙星,中华绒螯蟹,0.52
浙江省,杭州市,浙江省,金华市,无异常,青蟹,0.04
浙江省,金华市,浙江省,杭州市,诺氟沙星,带鱼,0.44
江苏省,连云港市,上海市,上海市,重金属(汞),牡蛎,0.53
浙江省,绍兴市,浙江省,温州市,无异常,带鱼,0.34
浙江省,湖州市,浙江省,舟山市,无异常,青蟹,0.2
浙江省,嘉兴市,浙江省,湖州市,无异常,带鱼,0.27
浙江省,宁波市,浙江省,湖州市,氯霉素,青蟹,0.77
辽宁省,大连市,浙江省,衢州市,诺氟沙星,南美白对虾,0.51
浙江省,嘉兴市,浙江省,绍兴市,无异常,小黄鱼,0.31
辽宁省,盘锦市,浙江省,湖州市,无异常,扇贝,0.31
浙江省,衢州市,浙江省,温州市,无异常,带鱼,0.06
浙江省,宁波市,浙江省,丽水市,硝基呋喃,小黄鱼,0.58
浙江省,金华市,浙江省,温州市,无异常,带鱼,0.28
浙江省,湖州市,上海市,上海市,五氯酚酸钠,南美白对虾,0.53
浙江省,宁波市,浙江省,绍兴市,重金属(汞),南美白对虾,0.51
浙江省,杭州市,浙江省,舟山市,无异常,大黄鱼,0.24
浙江省,温州市,浙江省,衢州市,硝基呋喃,带鱼,0.76
浙江省,嘉兴市,浙江省,温州市,无异常,南美白对虾,0.31
浙江省,杭州市,浙江省,衢州市,无异常,大黄鱼,0.19
浙江省,杭州市,浙江省,绍兴市,无异常,青蟹,0.09
浙江省,金华市,江苏省,连云港市,五氯酚酸钠,青蟹,0.56
浙江省,台州市,浙江省,丽水市,重金属(镉),大黄鱼,0.77
浙江省,温州市,浙江省,衢州市,诺氟沙星,大黄鱼,0.95
福建省,宁德市,浙江省,杭州市,重金属(镉),扇贝,0.62
浙江省,湖州市,浙江省,衢州市,无异常,中华绒螯蟹,0.37
上海市,上海市,浙江省,湖州市,无异常,扇贝,0.29
浙江省,台州市,浙江省,宁波市,诺氟沙星,大黄鱼,0.95
浙江省,金华市,浙江省,杭州市,无异常,大黄鱼,0.27
浙江省,宁波市,浙江省,金华市,硝基呋喃,中华绒螯蟹,0.63
江苏省,连云港市,上海市,上海市,无异常,大黄鱼,0.07
辽宁省,盘锦市,浙江省,湖州市,无异常,大黄鱼,0.35
浙江省,绍兴市,浙江省,金华市,无异常,牡蛎,0.15
浙江省,台州市,上海市,上海市,氯霉素,小黄鱼,0.97
浙江省,杭州市,浙江省,绍兴市,无异常,南美白对虾,0.29
浙江省,嘉兴市,江苏省,连云港市,孔雀石绿,南美白对虾,0.57
浙江省,温州市,上海市,上海市,五氯酚酸钠,小黄鱼,0.8
浙江省,嘉兴市,浙江省,杭州市,无异常,牡蛎,0.06
北京市,北京市,浙江省,嘉兴市,无异常,青蟹,0.21
广东省,广州市,上海市,上海市,无异常,青蟹,0.13
北京市,北京市,浙江省,杭州市,无异常,南美白对虾,0.05
浙江省,杭州市,浙江省,杭州市,无异常,南美白对虾,0.1
浙江省,湖州市,浙江省,嘉兴市,孔雀石绿,牡蛎,0.59
浙江省,舟山市,浙江省,杭州市,孔雀石绿,青蟹,0.48
浙江省,温州市,浙江省,绍兴市,重金属(镉),中华绒螯蟹,0.93
浙江省,宁波市,浙江省,绍兴市,诺氟沙星,青蟹,0.97
浙江省,湖州市,浙江省,台州市,孔雀石绿,牡蛎,0.66
浙江省,衢州市,上海市,上海市,无异常,南美白对虾,0.24
浙江省,杭州市,浙江省,台州市,无异常,扇贝,0.25
浙江省,湖州市,浙江省,舟山市,诺氟沙星,南美白对虾,0.62
浙江省,杭州市,浙江省,杭州市,无异常,小黄鱼,0.01
福建省,厦门市,上海市,上海市,无异常,扇贝,0.12
浙江省,台州市,浙江省,丽水市,氯霉素,小黄鱼,0.44
浙江省,衢州市,江苏省,连云港市,无异常,扇贝,0.24
浙江省,温州市,浙江省,舟山市,重金属(镉),扇贝,0.93
浙江省,绍兴市,浙江省,金华市,无异常,青蟹,0.23
广东省,广州市,浙江省,衢州市,无异常,带鱼,0.34
浙江省,宁波市,浙江省,杭州市,五氯酚酸钠,扇贝,0.72
浙江省,宁波市,浙江省,杭州市,五氯酚酸钠,中华绒螯蟹,0.78
浙江省,台州市,上海市,上海市,诺氟沙星,牡蛎,0.86
浙江省,嘉兴市,浙江省,杭州市,无异常,中华绒螯蟹,0.05
浙江省,衢州市,浙江省,杭州市,无异常,南美白对虾,0.04
浙江省,金华市,浙江省,丽水市,无异常,牡蛎,0.19
浙江省,丽水市,浙江省,绍兴市,无异常,小黄鱼,0.12
北京市,北京市,上海市,上海市,无异常,中华绒螯蟹,0.28
浙江省,嘉兴市,浙江省,杭州市,硝基呋喃,带鱼,0.42
浙江省,嘉兴市,江苏省,南通市,诺氟沙星,南美白对虾,0.64
浙江省,衢州市,江苏省,连云港市,无异常,中华绒螯蟹,0.26
浙江省,湖州市,浙江省,舟山市,重金属(镉),带鱼,0.44
浙江省,丽水市,浙江省,湖州市,五氯酚酸钠,中华绒螯蟹,0.69
浙江省,绍兴市,浙江省,温州市,无异常,南美白对虾,0.25
浙江省,丽水市,浙江省,绍兴市,无异常,扇贝,0.25
江苏省,南京市,浙江省,舟山市,无异常,南美白对虾,0.17
浙江省,金华市,浙江省,湖州市,无异常,小黄鱼,0.1
北京市,北京市,浙江省,杭州市,无异常,青蟹,0.19
浙江省,嘉兴市,浙江省,杭州市,无异常,牡蛎,0.19
广东省,湛江市,上海市,上海市,氯霉素,扇贝,0.54
浙江省,丽水市,上海市,上海市,无异常,小黄鱼,0.23
浙江省,温州市,浙江省,金华市,五氯酚酸钠,牡蛎,0.55
浙江省,嘉兴市,浙江省,温州市,诺氟沙星,小黄鱼,0.5
江苏省,连云港市,浙江省,杭州市,无异常,大黄鱼,0.16
浙江省,舟山市,浙江省,金华市,重金属(汞),扇贝,0.81
浙江省,杭州市,浙江省,衢州市,氯霉素,带鱼,0.59
浙江省,金华市,浙江省,金华市,无异常,小黄鱼,0.24
浙江省,舟山市,浙江省,丽水市,硝基呋喃,小黄鱼,0.92
浙江省,丽水市,浙江省,温州市,孔雀石绿,带鱼,0.65
浙江省,嘉兴市,上海市,上海市,无异常,带鱼,0.06
浙江省,台州市,浙江省,杭州市,五氯酚酸钠,青蟹,0.82
浙江省,台州市,浙江省,温州市,诺氟沙星,大黄鱼,0.65
浙江省,杭州市,上海市,上海市,无异常,带鱼,0.17
浙江省,绍兴市,浙江省,丽水市,无异常,扇贝,0.2
福建省,厦门市,浙江省,宁波市,无异常,南美白对虾,0.35
浙江省,衢州市,浙江省,丽水市,无异常,小黄鱼,0.27
浙江省,金华市,上海市,上海市,无异常,青蟹,0.21
浙江省,湖州市,浙江省,嘉兴市,孔雀石绿,带鱼,0.47
浙江省,台州市,浙江省,绍兴市,重金属(汞),大黄鱼,0.9
浙江省,绍兴市,江苏省,连云港市,无异常,扇贝,0.15
浙江省,宁波市,浙江省,衢州市,孔雀石绿,南美白对虾,0.66
浙江省,衢州市,浙江省,丽水市,无异常,扇贝,0.21
辽宁省,大连市,浙江省,温州市,氯霉素,带鱼,0.62
广东省,广州市,上海市,上海市,孔雀石绿,南美白对虾,0.61
浙江省,舟山市,浙江省,衢州市,重金属(镉),青蟹,0.72
浙江省,丽水市,浙江省,金华市,无异常,大黄鱼,0.18
江苏省,苏州市,浙江省,金华市,氯霉素,带鱼,0.55
浙江省,丽水市,浙江省,丽水市,无异常,南美白对虾,0.24
浙江省,舟山市,浙江省,宁波市,重金属(镉),大黄鱼,0.8
福建省,厦门市,浙江省,杭州市,无异常,南美白对虾,0.14
浙江省,温州市,浙江省,台州市,氯霉素,带鱼,0.42
浙江省,绍兴市,上海市,上海市,孔雀石绿,青蟹,0.58
浙江省,舟山市,浙江省,金华市,氯霉素,带鱼,0.93
浙江省,金华市,浙江省,杭州市,无异常,牡蛎,0.16
浙江省,湖州市,江苏省,苏州市,无异常,青蟹,0.05
北京市,北京市,浙江省,舟山市,硝基呋喃,小黄鱼,0.52
浙江省,衢州市,浙江省,舟山市,无异常,南美白对虾,0.07
浙江省,丽水市,浙江省,金华市,无异常,牡蛎,0.1
浙江省,丽水市,浙江省,温州市,无异常,大黄鱼,0.21
浙江省,湖州市,浙江省,丽水市,氯霉素,大黄鱼,0.66
山东省,日照市,浙江省,湖州市,无异常,大黄鱼,0.04
北京市,北京市,浙江省,金华市,无异常,扇贝,0.26
浙江省,嘉兴市,浙江省,金华市,重金属(汞),牡蛎,0.53
浙江省,金华市,浙江省,杭州市,无异常,中华绒螯蟹,0.33
浙江省,绍兴市,浙江省,温州市,无异常,小黄鱼,0.34
浙江省,宁波市,上海市,上海市,诺氟沙星,青蟹,0.91
浙江省,台州市,江苏省,南京市,孔雀石绿,南美白对虾,0.57
浙江省,湖州市,上海市,上海市,无异常,带鱼,0.13
浙江省,舟山市,浙江省,衢州市,重金属(汞),青蟹,0.91
浙江省,台州市,上海市,上海市,诺氟沙星,大黄鱼,0.89
浙江省,温州市,上海市,上海市,诺氟沙星,大黄鱼,0.76
浙江省,宁波市,浙江省,杭州市,重金属(汞),扇贝,0.83
浙江省,嘉兴市,浙江省,杭州市,孔雀石绿,中华绒螯蟹,0.48
浙江省,金华市,浙江省,舟山市,孔雀石绿,扇贝,0.56
浙江省,台州市,浙江省,杭州市,硝基呋喃,扇贝,0.92
浙江省,丽水市,浙江省,嘉兴市,硝基呋喃,青蟹,0.46
浙江省,舟山市,浙江省,绍兴市,诺氟沙星,大黄鱼,0.91
浙江省,温州市,浙江省,湖州市,硝基呋喃,小黄鱼,0.93
浙江省,金华市,浙江省,丽水市,无异常,小黄鱼,0.28
辽宁省,盘锦市,浙江省,嘉兴市,重金属(汞),青蟹,0.68
北京市,北京市,浙江省,杭州市,无异常,扇贝,0.1
浙江省,绍兴市,上海市,上海市,诺氟沙星,扇贝,0.62
福建省,厦门市,上海市,上海市,无异常,带鱼,0.26
浙江省,金华市,浙江省,嘉兴市,无异常,青蟹,0.26
浙江省,金华市,浙江省,温州市,无异常,南美白对虾,0.12
浙江省,嘉兴市,浙江省,衢州市,重金属(汞),大黄鱼,0.52
浙江省,台州市,浙江省,绍兴市,硝基呋喃,带鱼,0.89
辽宁省,盘锦市,浙江省,绍兴市,无异常,牡蛎,0.21
浙江省,金华市,浙江省,杭州市,重金属(镉),带鱼,0.57
浙江省,杭州市,浙江省,金华市,无异常,大黄鱼,0.03
浙江省,嘉兴市,浙江省,温州市,无异常,大黄鱼,0.11
浙江省,嘉兴市,上海市,上海市,重金属(镉),青蟹,0.69
江苏省,苏州市,浙江省,丽水市,孔雀石绿,中华绒螯蟹,0.61
浙江省,金华市,江苏省,南通市,无异常,南美白对虾,0.05
浙江省,台州市,浙江省,金华市,氯霉素,南美白对虾,0.58
浙江省,宁波市,上海市,上海市,孔雀石绿,青蟹,0.89
浙江省,宁波市,浙江省,衢州市,五氯酚酸钠,大黄鱼,0.67
山东省,日照市,浙江省,台州市,无异常,中华绒螯蟹,0.23
浙江省,绍兴市,浙江省,绍兴市,无异常,小黄鱼,0.19
浙江省,丽水市,浙江省,湖州市,无异常,扇贝,0.13
浙江省,舟山市,浙江省,舟山市,重金属(镉),扇贝,0.76
浙江省,金华市,浙江省,台州市,无异常,大黄鱼,0.17
浙江省,台州市,浙江省,衢州市,硝基呋喃,扇贝,0.49
浙江省,杭州市,上海市,上海市,无异常,南美白对虾,0.18
浙江省,嘉兴市,浙江省,金华市,无异常,中华绒螯蟹,0.07
北京市,北京市,上海市,上海市,无异常,青蟹,0.03
浙江省,湖州市,江苏省,苏州市,无异常,小黄鱼,0.14
浙江省,舟山市,上海市,上海市,硝基呋喃,南美白对虾,0.97
浙江省,嘉兴市,浙江省,温州市,无异常,带鱼,0.16
江苏省,南京市,上海市,上海市,无异常,扇贝,0.03
浙江省,嘉兴市,浙江省,金华市,无异常,小黄鱼,0.38
辽宁省,大连市,浙江省,宁波市,硝基呋喃,大黄鱼,0.6
上海市,上海市,上海市,上海市,重金属(汞),大黄鱼,0.66
上海市,上海市,浙江省,金华市,无异常,大黄鱼,0.13
广东省,广州市,浙江省,湖州市,硝基呋喃,中华绒螯蟹,0.66
山东省,威海市,上海市,上海市,无异常,扇贝,0.09
浙江省,台州市,浙江省,温州市,五氯酚酸钠,牡蛎,0.97
浙江省,舟山市,浙江省,宁波市,孔雀石绿,中华绒螯蟹,0.8
浙江省,嘉兴市,浙江省,绍兴市,无异常,青蟹,0.05
浙江省,衢州市,上海市,上海市,无异常,青蟹,0.3
浙江省,金华市,上海市,上海市,无异常,牡蛎,0.13
浙江省,舟山市,浙江省,金华市,重金属(汞),小黄鱼,0.77
浙江省,杭州市,江苏省,连云港市,无异常,带鱼,0.32
浙江省,丽水市,上海市,上海市,无异常,带鱼,0.1
浙江省,丽水市,浙江省,宁波市,五氯酚酸钠,带鱼,0.53
浙江省,舟山市,浙江省,杭州市,重金属(镉),中华绒螯蟹,0.56
浙江省,丽水市,江苏省,苏州市,无异常,中华绒螯蟹,0.21
浙江省,湖州市,浙江省,温州市,无异常,小黄鱼,0.02
山东省,威海市,浙江省,绍兴市,无异常,青蟹,0.14
浙江省,衢州市,浙江省,湖州市,无异常,中华绒螯蟹,0.21
浙江省,衢州市,江苏省,苏州市,无异常,牡蛎,0.08
浙江省,宁波市,江苏省,南通市,重金属(镉),中华绒螯蟹,0.82
浙江省,台州市,浙江省,台州市,氯霉素,南美白对虾,0.61
浙江省,湖州市,江苏省,南通市,无异常,中华绒螯蟹,0.19
浙江省,杭州市,浙江省,台州市,无异常,中华绒螯蟹,0.16
浙江省,嘉兴市,上海市,上海市,无异常,扇贝,0.32
浙江省,衢州市,浙江省,金华市,无异常,青蟹,0.29
浙江省,绍兴市,浙江省,舟山市,无异常,中华绒螯蟹,0.19
浙江省,绍兴市,浙江省,杭州市,无异常,南美白对虾,0.22
浙江省,湖州市,浙江省,嘉兴市,重金属(镉),小黄鱼,0.7
浙江省,温州市,浙江省,杭州市,氯霉素,扇贝,0.95
浙江省,湖州市,浙江省,绍兴市,无异常,带鱼,0.18
浙江省,杭州市,浙江省,金华市,无异常,大黄鱼,0.3
浙江省,嘉兴市,浙江省,杭州市,无异常,青蟹,0.15
浙江省,湖州市,浙江省,台州市,硝基呋喃,带鱼,0.53
浙江省,湖州市,浙江省,台州市,重金属(汞),南美白对虾,0.47
北京市,北京市,上海市,上海市,无异常,南美白对虾,0.19
福建省,宁德市,浙江省,宁波市,无异常,南美白对虾,0.25
浙江省,金华市,浙江省,台州市,无异常,南美白对虾,0.03
山东省,威海市,上海市,上海市,无异常,带鱼,0.32
浙江省,嘉兴市,浙江省,金华市,无异常,中华绒螯蟹,0.11
浙江省,台州市,浙江省,衢州市,五氯酚酸钠,牡蛎,0.72
北京市,北京市,浙江省,台州市,无异常,带鱼,0.24
浙江省,温州市,浙江省,杭州市,硝基呋喃,南美白对虾,0.79
浙江省,丽水市,浙江省,宁波市,无异常,南美白对虾,0.31
江苏省,苏州市,上海市,上海市,重金属(汞),大黄鱼,0.52
上海市,上海市,浙江省,台州市,氯霉素,大黄鱼,0.48
浙江省,金华市,上海市,上海市,无异常,牡蛎,0.17
浙江省,嘉兴市,浙江省,杭州市,无异常,牡蛎,0.4
山东省,烟台市,上海市,上海市,无异常,青蟹,0.24
浙江省,杭州市,浙江省,绍兴市,重金属(汞),大黄鱼,0.45
浙江省,金华市,浙江省,台州市,无异常,扇贝,0.33
浙江省,湖州市,浙江省,杭州市,无异常,青蟹,0.03
浙江省,衢州市,浙江省,嘉兴市,无异常,大黄鱼,0.19
浙江省,温州市,浙江省,温州市,重金属(镉),大黄鱼,0.65
浙江省,宁波市,上海市,上海市,硝基呋喃,中华绒螯蟹,0.98
浙江省,台州市,浙江省,温州市,重金属(镉),南美白对虾,0.41
浙江省,宁波市,浙江省,金华市,重金属(汞),牡蛎,0.98
浙江省,杭州市,浙江省,衢州市,无异常,中华绒螯蟹,0.26
江苏省,连云港市,浙江省,温州市,无异常,大黄鱼,0.09
浙江省,台州市,浙江省,绍兴市,硝基呋喃,中华绒螯蟹,0.48
浙江省,衢州市,浙江省,金华市,无异常,中华绒螯蟹,0.03
浙江省,绍兴市,上海市,上海市,无异常,带鱼,0.39
浙江省,金华市,浙江省,杭州市,无异常,大黄鱼,0.24
浙江省,舟山市,上海市,上海市,诺氟沙星,大黄鱼,0.92
福建省,泉州市,浙江省,台州市,无异常,扇贝,0.2
山东省,威海市,浙江省,杭州市,无异常,大黄鱼,0.26
江苏省,南京市,浙江省,衢州市,硝基呋喃,带鱼,0.47
浙江省,金华市,浙江省,衢州市,孔雀石绿,南美白对虾,0.67
浙江省,宁波市,浙江省,绍兴市,重金属(汞),小黄鱼,0.67
浙江省,丽水市,江苏省,苏州市,无异常,中华绒螯蟹,0.17
辽宁省,盘锦市,上海市,上海市,无异常,扇贝,0.15
浙江省,绍兴市,浙江省,衢州市,无异常,青蟹,0.19
浙江省,温州市,浙江省,嘉兴市,重金属(汞),南美白对虾,0.8
浙江省,嘉兴市,浙江省,丽水市,无异常,南美白对虾,0.15
浙江省,杭州市,浙江省,金华市,无异常,扇贝,0.22
浙江省,台州市,浙江省,舟山市,氯霉素,青蟹,0.98
浙江省,丽水市,浙江省,嘉兴市,无异常,带鱼,0.17
山东省,青岛市,浙江省,杭州市,诺氟沙星,牡蛎,0.64
浙江省,衢州市,浙江省,舟山市,无异常,青蟹,0.18
浙江省,嘉兴市,浙江省,宁波市,诺氟沙星,扇贝,0.65
上海市,上海市,浙江省,嘉兴市,硝基呋喃,扇贝,0.48
浙江省,湖州市,浙江省,金华市,无异常,小黄鱼,0.09
浙江省,金华市,浙江省,丽水市,重金属(汞),牡蛎,0.59
浙江省,宁波市,江苏省,连云港市,硝基呋喃,带鱼,0.83
浙江省,温州市,浙江省,绍兴市,硝基呋喃,南美白对虾,0.49
浙江省,嘉兴市,浙江省,杭州市,无异常,南美白对虾,0.36
浙江省,金华市,浙江省,湖州市,无异常,青蟹,0.12
浙江省,宁波市,浙江省,衢州市,五氯酚酸钠,大黄鱼,0.44
浙江省,绍兴市,浙江省,舟山市,无异常,大黄鱼,0.19
浙江省,湖州市,上海市,上海市,无异常,青蟹,0.34
浙江省,湖州市,上海市,上海市,无异常,大黄鱼,0.23
山东省,威海市,浙江省,丽水市,重金属(汞),南美白对虾,0.54
浙江省,金华市,浙江省,绍兴市,无异常,大黄鱼,0.32
浙江省,舟山市,浙江省,绍兴市,硝基呋喃,南美白对虾,0.8
浙江省,绍兴市,浙江省,衢州市,无异常,牡蛎,0.21
浙江省,舟山市,浙江省,宁波市,孔雀石绿,扇贝,0.77
浙江省,金华市,浙江省,金华市,无异常,大黄鱼,0.29
浙江省,杭州市,浙江省,温州市,无异常,带鱼,0.11
浙江省,金华市,浙江省,温州市,诺氟沙星,中华绒螯蟹,0.55
浙江省,宁波市,江苏省,南京市,氯霉素,带鱼,0.93
上海市,上海市,浙江省,台州市,孔雀石绿,带鱼,0.59
上海市,上海市,上海市,上海市,诺氟沙星,扇贝,0.6
浙江省,嘉兴市,浙江省,绍兴市,孔雀石绿,大黄鱼,0.63
浙江省,湖州市,浙江省,金华市,无异常,带鱼,0.25
浙江省,温州市,浙江省,丽水市,重金属(镉),大黄鱼,0.52
广东省,深圳市,浙江省,金华市,五氯酚酸钠,南美白对虾,0.48
浙江省,温州市,浙江省,舟山市,硝基呋喃,青蟹,0.81
浙江省,温州市,江苏省,苏州市,重金属(镉),小黄鱼,0.72
江苏省,连云港市,上海市,上海市,无异常,扇贝,0.28
浙江省,杭州市,浙江省,舟山市,无异常,南美白对虾,0.09
浙江省,衢州市,上海市,上海市,无异常,中华绒螯蟹,0.06
浙江省,温州市,浙江省,温州市,重金属(镉),南美白对虾,0.62
浙江省,绍兴市,上海市,上海市,无异常,带鱼,0.12
北京市,北京市,上海市,上海市,无异常,牡蛎,0.17
浙江省,金华市,浙江省,嘉兴市,无异常,扇贝,0.17
浙江省,舟山市,浙江省,台州市,重金属(汞),中华绒螯蟹,0.85
上海市,上海市,浙江省,温州市,无异常,青蟹,0.07
浙江省,舟山市,上海市,上海市,硝基呋喃,牡蛎,0.58
浙江省,台州市,浙江省,温州市,重金属(汞),扇贝,0.67
浙江省,嘉兴市,浙江省,杭州市,无异常,小黄鱼,0.06
浙江省,宁波市,浙江省,丽水市,重金属(汞),带鱼,0.91
浙江省,丽水市,浙江省,温州市,无异常,中华绒螯蟹,0.19
浙江省,丽水市,浙江省,台州市,无异常,青蟹,0.24
浙江省,衢州市,浙江省,丽水市,无异常,中华绒螯蟹,0.3
浙江省,宁波市,浙江省,衢州市,硝基呋喃,带鱼,0.83
浙江省,温州市,浙江省,宁波市,重金属(镉),扇贝,0.99
浙江省,舟山市,浙江省,温州市,重金属(汞),青蟹,0.52
浙江省,杭州市,浙江省,温州市,诺氟沙星,南美白对虾,0.69
浙江省,台州市,浙江省,杭州市,重金属(汞),牡蛎,0.94
广东省,湛江市,浙江省,台州市,重金属(汞),青蟹,0.96
浙江省,丽水市,江苏省,南通市,无异常,青蟹,0.05
浙江省,金华市,浙江省,绍兴市,无异常,扇贝,0.08
浙江省,丽水市,浙江省,台州市,无异常,南美白对虾,0.03
浙江省,宁波市,浙江省,杭州市,五氯酚酸钠,牡蛎,0.97
浙江省,嘉兴市,浙江省,舟山市,氯霉素,青蟹,0.61
浙江省,宁波市,浙江省,衢州市,重金属(汞),带鱼,0.68
浙江省,台州市,浙江省,嘉兴市,重金属(镉),青蟹,0.66
上海市,上海市,浙江省,杭州市,无异常,牡蛎,0.08
浙江省,金华市,浙江省,湖州市,无异常,中华绒螯蟹,0.28
浙江省,温州市,浙江省,湖州市,重金属(镉),中华绒螯蟹,0.78
浙江省,衢州市,浙江省,杭州市,无异常,青蟹,0.02
北京市,北京市,浙江省,金华市,氯霉素,青蟹,0.42
浙江省,绍兴市,浙江省,丽水市,诺氟沙星,扇贝,0.49
浙江省,丽水市,浙江省,金华市,无异常,南美白对虾,0.05
浙江省,宁波市,浙江省,台州市,孔雀石绿,带鱼,0.94
北京市,北京市,浙江省,湖州市,无异常,青蟹,0.17
浙江省,宁波市,江苏省,南通市,重金属(镉),小黄鱼,0.79
浙江省,舟山市,江苏省,南京市,诺氟沙星,小黄鱼,0.76
浙江省,衢州市,浙江省,绍兴市,无异常,扇贝,0.08
浙江省,舟山市,浙江省,宁波市,重金属(汞),扇贝,0.88
上海市,上海市,浙江省,舟山市,无异常,小黄鱼,0.26
辽宁省,盘锦市,浙江省,嘉兴市,无异常,中华绒螯蟹,0.3
浙江省,宁波市,浙江省,嘉兴市,五氯酚酸钠,带鱼,0.92
浙江省,温州市,浙江省,丽水市,氯霉素,牡蛎,0.76
福建省,厦门市,浙江省,绍兴市,无异常,南美白对虾,0.4
浙江省,衢州市,浙江省,杭州市,无异常,小黄鱼,0.27
江苏省,南京市,浙江省,舟山市,无异常,中华绒螯蟹,0.14
山东省,日照市,浙江省,湖州市,重金属(镉),南美白对虾,0.64
浙江省,温州市,江苏省,苏州市,孔雀石绿,扇贝,0.76
浙江省,嘉兴市,浙江省,湖州市,孔雀石绿,牡蛎,0.69
浙江省,绍兴市,浙江省,温州市,无异常,带鱼,0.24
浙江省,湖州市,浙江省,舟山市,无异常,中华绒螯蟹,0.25
浙江省,绍兴市,浙江省,宁波市,无异常,大黄鱼,0.08
浙江省,温州市,浙江省,嘉兴市,硝基呋喃,带鱼,0.6
江苏省,南通市,浙江省,宁波市,重金属(镉),大黄鱼,0.7
福建省,宁德市,浙江省,绍兴市,无异常,中华绒螯蟹,0.1
广东省,汕头市,浙江省,舟山市,无异常,南美白对虾,0.11
浙江省,丽水市,浙江省,嘉兴市,无异常,小黄鱼,0.11
江苏省,苏州市,上海市,上海市,无异常,带鱼,0.09
广东省,湛江市,浙江省,温州市,氯霉素,扇贝,0.95
浙江省,丽水市,浙江省,温州市,无异常,带鱼,0.08
浙江省,金华市,浙江省,温州市,无异常,带鱼,0.07
浙江省,湖州市,浙江省,绍兴市,无异常,牡蛎,0.1
浙江省,绍兴市,浙江省,台州市,无异常,南美白对虾,0.19
福建省,泉州市,浙江省,绍兴市,无异常,大黄鱼,0.15
浙江省,温州市,浙江省,金华市,重金属(镉),扇贝,0.6
浙江省,舟山市,浙江省,台州市,五氯酚酸钠,青蟹,0.56
浙江省,嘉兴市,浙江省,湖州市,无异常,大黄鱼,0.2
浙江省,舟山市,浙江省,宁波市,诺氟沙星,青蟹,0.54
浙江省,嘉兴市,上海市,上海市,无异常,大黄鱼,0.28
广东省,深圳市,浙江省,温州市,无异常,中华绒螯蟹,0.3
浙江省,嘉兴市,浙江省,湖州市,无异常,中华绒螯蟹,0.29
浙江省,衢州市,浙江省,金华市,重金属(汞),南美白对虾,0.45
浙江省,舟山市,浙江省,金华市,氯霉素,大黄鱼,0.84
浙江省,丽水市,浙江省,绍兴市,无异常,南美白对虾,0.33
浙江省,舟山市,浙江省,杭州市,氯霉素,带鱼,0.9
浙江省,丽水市,浙江省,衢州市,无异常,中华绒螯蟹,0.19
浙江省,绍兴市,浙江省,金华市,无异常,大黄鱼,0.18
广东省,深圳市,浙江省,绍兴市,无异常,中华绒螯蟹,0.39
浙江省,温州市,浙江省,宁波市,氯霉素,带鱼,0.5
浙江省,温州市,浙江省,金华市,重金属(汞),扇贝,0.54
浙江省,绍兴市,浙江省,杭州市,无异常,扇贝,0.06
浙江省,丽水市,浙江省,温州市,无异常,带鱼,0.11
浙江省,绍兴市,浙江省,宁波市,无异常,南美白对虾,0.38
浙江省,湖州市,江苏省,南通市,无异常,中华绒螯蟹,0.3
浙江省,杭州市,浙江省,舟山市,无异常,带鱼,0.32
北京市,北京市,浙江省,绍兴市,无异常,南美白对虾,0.05
浙江省,金华市,上海市,上海市,无异常,大黄鱼,0.27
浙江省,衢州市,浙江省,杭州市,无异常,中华绒螯蟹,0.12
浙江省,宁波市,浙江省,湖州市,氯霉素,带鱼,0.46
浙江省,杭州市,江苏省,连云港市,无异常,青蟹,0.26
浙江省,绍兴市,江苏省,连云港市,氯霉素,扇贝,0.41
浙江省,金华市,浙江省,杭州市,无异常,大黄鱼,0.33
山东省,烟台市,浙江省,台州市,无异常,带鱼,0.06
浙江省,台州市,浙江省,宁波市,氯霉素,带鱼,0.7
浙江省,舟山市,上海市,上海市,氯霉素,牡蛎,0.86
浙江省,宁波市,浙江省,杭州市,孔雀石绿,南美白对虾,0.62
浙江省,金华市,上海市,上海市,无异常,扇贝,0.19
浙江省,湖州市,江苏省,苏州市,无异常,大黄鱼,0.25
福建省,福州市,浙江省,金华市,无异常,带鱼,0.3
江苏省,南京市,浙江省,宁波市,无异常,扇贝,0.4
浙江省,宁波市,江苏省,连云港市,诺氟沙星,小黄鱼,0.52
浙江省,丽水市,浙江省,杭州市,无异常,中华绒螯蟹,0.23
浙江省,宁波市,浙江省,杭州市,重金属(镉),青蟹,0.54
浙江省,湖州市,浙江省,杭州市,五氯酚酸钠,小黄鱼,0.69
浙江省,嘉兴市,江苏省,南通市,无异常,青蟹,0.09
浙江省,台州市,浙江省,嘉兴市,孔雀石绿,小黄鱼,0.85
浙江省,嘉兴市,浙江省,舟山市,无异常,中华绒螯蟹,0.17
浙江省,绍兴市,浙江省,衢州市,无异常,青蟹,0.15
浙江省,嘉兴市,浙江省,衢州市,无异常,小黄鱼,0.22
浙江省,台州市,浙江省,温州市,硝基呋喃,中华绒螯蟹,0.81
浙江省,湖州市,浙江省,宁波市,无异常,牡蛎,0.06
浙江省,舟山市,上海市,上海市,重金属(镉),中华绒螯蟹,0.52
浙江省,台州市,浙江省,衢州市,氯霉素,大黄鱼,0.7
浙江省,宁波市,浙江省,台州市,重金属(镉),牡蛎,0.92
浙江省,温州市,浙江省,舟山市,五氯酚酸钠,大黄鱼,0.58
浙江省,台州市,浙江省,绍兴市,诺氟沙星,南美白对虾,0.52
浙江省,台州市,浙江省,金华市,硝基呋喃,中华绒螯蟹,0.63
浙江省,衢州市,浙江省,杭州市,无异常,青蟹,0.26
广东省,深圳市,上海市,上海市,重金属(镉),青蟹,0.61
浙江省,宁波市,上海市,上海市,五氯酚酸钠,青蟹,0.94
浙江省,台州市,浙江省,金华市,氯霉素,牡蛎,0.88
浙江省,宁波市,浙江省,金华市,孔雀石绿,中华绒螯蟹,0.55
浙江省,杭州市,浙江省,舟山市,无异常,小黄鱼,0.25
浙江省,温州市,浙江省,丽水市,硝基呋喃,扇贝,0.84
浙江省,衢州市,浙江省,温州市,重金属(汞),扇贝,0.63
浙江省,金华市,浙江省,宁波市,无异常,带鱼,0.34
浙江省,金华市,浙江省,台州市,无异常,中华绒螯蟹,0.03
浙江省,嘉兴市,浙江省,丽水市,无异常,带鱼,0.29
浙江省,金华市,浙江省,杭州市,无异常,小黄鱼,0.32
浙江省,宁波市,浙江省,丽水市,硝基呋喃,牡蛎,0.83
浙江省,衢州市,上海市,上海市,无异常,大黄鱼,0.22
江苏省,苏州市,浙江省,杭州市,无异常,小黄鱼,0.02
浙江省,丽水市,浙江省,金华市,无异常,中华绒螯蟹,0.09
浙江省,衢州市,浙江省,杭州市,无异常,小黄鱼,0.26
浙江省,绍兴市,浙江省,嘉兴市,无异常,牡蛎,0.18
浙江省,衢州市,浙江省,温州市,无异常,牡蛎,0.11
浙江省,衢州市,江苏省,连云港市,氯霉素,牡蛎,0.46
浙江省,嘉兴市,浙江省,台州市,无异常,南美白对虾,0.21
浙江省,舟山市,浙江省,衢州市,诺氟沙星,大黄鱼,0.56
江苏省,苏州市,浙江省,金华市,孔雀石绿,南美白对虾,0.45
浙江省,台州市,浙江省,台州市,重金属(汞),小黄鱼,0.87
浙江省,衢州市,浙江省,湖州市,无异常,大黄鱼,0.03
广东省,汕头市,上海市,上海市,无异常,大黄鱼,0.14
浙江省,嘉兴市,浙江省,台州市,无异常,中华绒螯蟹,0.28
浙江省,宁波市,浙江省,衢州市,硝基呋喃,青蟹,0.76
浙江省,台州市,江苏省,连云港市,氯霉素,小黄鱼,0.95
浙江省,绍兴市,江苏省,南京市,孔雀石绿,大黄鱼,0.49
广东省,汕头市,上海市,上海市,无异常,小黄鱼,0.31
浙江省,湖州市,浙江省,嘉兴市,无异常,小黄鱼,0.19
浙江省,丽水市,浙江省,台州市,无异常,带鱼,0.21
浙江省,衢州市,浙江省,舟山市,无异常,中华绒螯蟹,0.14
江苏省,南京市,上海市,上海市,无异常,中华绒螯蟹,0.33
浙江省,绍兴市,浙江省,金华市,无异常,中华绒螯蟹,0.34
浙江省,舟山市,上海市,上海市,五氯酚酸钠,青蟹,0.48
浙江省,杭州市,浙江省,丽水市,无异常,中华绒螯蟹,0.34
浙江省,绍兴市,浙江省,杭州市,无异常,大黄鱼,0.37
浙江省,绍兴市,浙江省,湖州市,重金属(镉),中华绒螯蟹,0.43
北京市,北京市,浙江省,温州市,无异常,牡蛎,0.35
